INFO  2026-09-11 22:05:12,284 seastar - Reactor backend: linux-aio
INFO  2026-09-11 22:05:12,284 seastar - Perf-based stall detector creation failed (EACCESS), try setting /proc/sys/kernel/perf_event_paranoid to 1 or less to enable kernel backtraces: falling back to posix timer.
Note: Google Test filter = BitmapQueryOptimizationTest.*:*Postings*:*Bitmap*:*NativeIndex*:*TagCardinality*:*HLL*:*Bloom*
[==========] Running 190 tests from 27 test suites.
[----------] Global test environment set-up.
[----------] 7 tests from BloomFilterAliasingTest
[ RUN      ] BloomFilterAliasingTest.CorrectnessPreserved
[       OK ] BloomFilterAliasingTest.CorrectnessPreserved (0 ms)
[ RUN      ] BloomFilterAliasingTest.NoFalseNegatives
[       OK ] BloomFilterAliasingTest.NoFalseNegatives (0 ms)
[ RUN      ] BloomFilterAliasingTest.UnalignedData
[       OK ] BloomFilterAliasingTest.UnalignedData (0 ms)
[ RUN      ] BloomFilterAliasingTest.HashConsistency
[       OK ] BloomFilterAliasingTest.HashConsistency (0 ms)
[ RUN      ] BloomFilterAliasingTest.IntegerTypeInserts
[       OK ] BloomFilterAliasingTest.IntegerTypeInserts (0 ms)
[ RUN      ] BloomFilterAliasingTest.SourceUsesXxHash
[       OK ] BloomFilterAliasingTest.SourceUsesXxHash (0 ms)
[ RUN      ] BloomFilterAliasingTest.SourceNoAliasingViolations
[       OK ] BloomFilterAliasingTest.SourceNoAliasingViolations (0 ms)
[----------] 7 tests from BloomFilterAliasingTest (0 ms total)

[----------] 25 tests from StorageBloomFilterTest
[ RUN      ] StorageBloomFilterTest.InsertAndContainsRoundTrip
[       OK ] StorageBloomFilterTest.InsertAndContainsRoundTrip (0 ms)
[ RUN      ] StorageBloomFilterTest.NoFalseNegatives
[       OK ] StorageBloomFilterTest.NoFalseNegatives (0 ms)
[ RUN      ] StorageBloomFilterTest.EmptyFilterReturnsFalse
[       OK ] StorageBloomFilterTest.EmptyFilterReturnsFalse (0 ms)
[ RUN      ] StorageBloomFilterTest.DefaultConstructedReturnsFalse
[       OK ] StorageBloomFilterTest.DefaultConstructedReturnsFalse (0 ms)
[ RUN      ] StorageBloomFilterTest.FalsePositiveRateValidation
[       OK ] StorageBloomFilterTest.FalsePositiveRateValidation (3 ms)
[ RUN      ] StorageBloomFilterTest.HashConsistency
[       OK ] StorageBloomFilterTest.HashConsistency (0 ms)
[ RUN      ] StorageBloomFilterTest.IntegerTypeInserts
[       OK ] StorageBloomFilterTest.IntegerTypeInserts (0 ms)
[ RUN      ] StorageBloomFilterTest.ArrayInsertAndContains
[       OK ] StorageBloomFilterTest.ArrayInsertAndContains (0 ms)
[ RUN      ] StorageBloomFilterTest.BinaryKeysWithEmbeddedNulls
[       OK ] StorageBloomFilterTest.BinaryKeysWithEmbeddedNulls (0 ms)
[ RUN      ] StorageBloomFilterTest.SingleKey
[       OK ] StorageBloomFilterTest.SingleKey (0 ms)
[ RUN      ] StorageBloomFilterTest.ZeroLengthKey
[       OK ] StorageBloomFilterTest.ZeroLengthKey (0 ms)
[ RUN      ] StorageBloomFilterTest.LargeFilter100K
[       OK ] StorageBloomFilterTest.LargeFilter100K (6 ms)
[ RUN      ] StorageBloomFilterTest.ClearResetsFilter
[       OK ] StorageBloomFilterTest.ClearResetsFilter (0 ms)
[ RUN      ] StorageBloomFilterTest.UnalignedData
[       OK ] StorageBloomFilterTest.UnalignedData (0 ms)
[ RUN      ] StorageBloomFilterTest.EffectiveFPP
[       OK ] StorageBloomFilterTest.EffectiveFPP (0 ms)
[ RUN      ] StorageBloomFilterTest.OperatorBang
[       OK ] StorageBloomFilterTest.OperatorBang (0 ms)
[ RUN      ] StorageBloomFilterTest.Assignment
[       OK ] StorageBloomFilterTest.Assignment (0 ms)
[ RUN      ] StorageBloomFilterTest.TableAccess
[       OK ] StorageBloomFilterTest.TableAccess (0 ms)
[ RUN      ] StorageBloomFilterTest.OptimalParameters
[       OK ] StorageBloomFilterTest.OptimalParameters (0 ms)
[ RUN      ] StorageBloomFilterTest.InvalidParameters
[       OK ] StorageBloomFilterTest.InvalidParameters (0 ms)
[ RUN      ] StorageBloomFilterTest.CharPtrInsertAndContains
[       OK ] StorageBloomFilterTest.CharPtrInsertAndContains (0 ms)
[ RUN      ] StorageBloomFilterTest.StringViewInsertAndContains
[       OK ] StorageBloomFilterTest.StringViewInsertAndContains (0 ms)
[ RUN      ] StorageBloomFilterTest.SmallFPPProducesLargerFilter
[       OK ] StorageBloomFilterTest.SmallFPPProducesLargerFilter (0 ms)
[ RUN      ] StorageBloomFilterTest.DifferentSeedsProduceDifferentBits
[       OK ] StorageBloomFilterTest.DifferentSeedsProduceDifferentBits (0 ms)
[ RUN      ] StorageBloomFilterTest.SeedAccessor
[       OK ] StorageBloomFilterTest.SeedAccessor (0 ms)
[----------] 25 tests from StorageBloomFilterTest (9 ms total)

[----------] 4 tests from BitmapQueryOptimizationTest
[ RUN      ] BitmapQueryOptimizationTest.DayMembershipSurvivesPreemptionAndCacheRehash
[       OK ] BitmapQueryOptimizationTest.DayMembershipSurvivesPreemptionAndCacheRehash (0 ms)
[ RUN      ] BitmapQueryOptimizationTest.BitmapConsumptionPrecedesFutureResumption
INFO  2026-09-11 22:05:12,350 [shard 0:main] timestar.native_index - NativeIndex opened at: /home/matt/Desktop/source/tsdb/build/allocator-crash-probes/shard_0/native_index (0 SSTables, 2 MemTable entries, 0 local IDs)
INFO  2026-09-11 22:05:12,354 [shard 0:main] timestar.native_index - Flushing immutable MemTable: 2 entries, 167 approx bytes
INFO  2026-09-11 22:05:12,354 [shard 0:main] timestar.native_index - SSTable write starting for file 1
INFO  2026-09-11 22:05:12,357 [shard 0:main] timestar.native_index - SSTable write complete: 2 entries, 136 bytes
INFO  2026-09-11 22:05:12,376 [shard 0:main] timestar.native_index - NativeIndex closed on shard 0
[       OK ] BitmapQueryOptimizationTest.BitmapConsumptionPrecedesFutureResumption (67 ms)
[ RUN      ] BitmapQueryOptimizationTest.CachedCardinalityAndColdReloadRemainExact
INFO  2026-09-11 22:05:12,392 [shard 0:main] timestar.native_index - NativeIndex opened at: /home/matt/Desktop/source/tsdb/build/allocator-crash-probes/shard_0/native_index (0 SSTables, 2 MemTable entries, 0 local IDs)
INFO  2026-09-11 22:05:12,398 [shard 0:main] timestar.native_index - Flushing immutable MemTable: 57 entries, 22340 approx bytes
INFO  2026-09-11 22:05:12,398 [shard 0:main] timestar.native_index - SSTable write starting for file 1
INFO  2026-09-11 22:05:12,401 [shard 0:main] timestar.native_index - SSTable write complete: 57 entries, 1063 bytes
INFO  2026-09-11 22:05:12,421 [shard 0:main] timestar.native_index - NativeIndex closed on shard 0
INFO  2026-09-11 22:05:12,424 [shard 0:main] timestar.native_index - Replayed 1 WAL records into MemTable
INFO  2026-09-11 22:05:12,424 [shard 0:main] timestar.native_index - Flushing immutable MemTable: 1 entries, 82 approx bytes
INFO  2026-09-11 22:05:12,425 [shard 0:main] timestar.native_index - SSTable write starting for file 2
INFO  2026-09-11 22:05:12,428 [shard 0:main] timestar.native_index - SSTable write complete: 1 entries, 128 bytes
INFO  2026-09-11 22:05:12,434 [shard 0:main] timestar.native_index - Recovered MemTable flushed to SSTable before WAL reuse
INFO  2026-09-11 22:05:12,440 [shard 0:main] timestar.native_index - Restored LocalIdMap: 16 mappings
INFO  2026-09-11 22:05:12,440 [shard 0:main] timestar.native_index - Rebuilt blooms for 1 measurements
INFO  2026-09-11 22:05:12,440 [shard 0:main] timestar.native_index - NativeIndex opened at: /home/matt/Desktop/source/tsdb/build/allocator-crash-probes/shard_0/native_index (2 SSTables, 2 MemTable entries, 16 local IDs)
INFO  2026-09-11 22:05:12,445 [shard 0:main] timestar.native_index - Flushing immutable MemTable: 10 entries, 17437 approx bytes
INFO  2026-09-11 22:05:12,445 [shard 0:main] timestar.native_index - SSTable write starting for file 3
INFO  2026-09-11 22:05:12,448 [shard 0:main] timestar.native_index - SSTable write complete: 10 entries, 452 bytes
INFO  2026-09-11 22:05:12,468 [shard 0:main] timestar.native_index - NativeIndex closed on shard 0
[       OK ] BitmapQueryOptimizationTest.CachedCardinalityAndColdReloadRemainExact (91 ms)
[ RUN      ] BitmapQueryOptimizationTest.TagSketchSeedsAllPriorIdsAtThresholdAndAfterReopen
INFO  2026-09-11 22:05:12,484 [shard 0:main] timestar.native_index - NativeIndex opened at: /home/matt/Desktop/source/tsdb/build/allocator-crash-probes/shard_0/native_index (0 SSTables, 2 MemTable entries, 0 local IDs)
INFO  2026-09-11 22:05:12,537 [shard 0:main] timestar.native_index - Flushing immutable MemTable: 50010 entries, 5382875 approx bytes
INFO  2026-09-11 22:05:12,547 [shard 0:main] timestar.native_index - SSTable write starting for file 1
INFO  2026-09-11 22:05:12,551 [shard 0:main] timestar.native_index - SSTable write complete: 50010 entries, 717884 bytes
INFO  2026-09-11 22:05:12,573 [shard 0:main] timestar.native_index - NativeIndex closed on shard 0
INFO  2026-09-11 22:05:12,579 [shard 0:main] timestar.native_index - Replayed 1 WAL records into MemTable
INFO  2026-09-11 22:05:12,579 [shard 0:main] timestar.native_index - Flushing immutable MemTable: 1 entries, 82 approx bytes
INFO  2026-09-11 22:05:12,579 [shard 0:main] timestar.native_index - SSTable write starting for file 2
INFO  2026-09-11 22:05:12,582 [shard 0:main] timestar.native_index - SSTable write complete: 1 entries, 128 bytes
INFO  2026-09-11 22:05:12,588 [shard 0:main] timestar.native_index - Recovered MemTable flushed to SSTable before WAL reuse
INFO  2026-09-11 22:05:12,597 [shard 0:main] timestar.native_index - Restored LocalIdMap: 10000 mappings
INFO  2026-09-11 22:05:12,599 [shard 0:main] timestar.native_index - Rebuilt blooms for 1 measurements
INFO  2026-09-11 22:05:12,599 [shard 0:main] timestar.native_index - NativeIndex opened at: /home/matt/Desktop/source/tsdb/build/allocator-crash-probes/shard_0/native_index (2 SSTables, 2 MemTable entries, 10000 local IDs)
INFO  2026-09-11 22:05:12,608 [shard 0:main] timestar.native_index - Flushing immutable MemTable: 12 entries, 46461 approx bytes
INFO  2026-09-11 22:05:12,608 [shard 0:main] timestar.native_index - SSTable write starting for file 3
INFO  2026-09-11 22:05:12,611 [shard 0:main] timestar.native_index - SSTable write complete: 12 entries, 23613 bytes
INFO  2026-09-11 22:05:12,630 [shard 0:main] timestar.native_index - NativeIndex closed on shard 0
[       OK ] BitmapQueryOptimizationTest.TagSketchSeedsAllPriorIdsAtThresholdAndAfterReopen (162 ms)
[----------] 4 tests from BitmapQueryOptimizationTest (322 ms total)

[----------] 11 tests from BloomFilterTest
[ RUN      ] BloomFilterTest.EmptyFilter
[       OK ] BloomFilterTest.EmptyFilter (0 ms)
[ RUN      ] BloomFilterTest.SingleKey
[       OK ] BloomFilterTest.SingleKey (0 ms)
[ RUN      ] BloomFilterTest.MultipleKeys
[       OK ] BloomFilterTest.MultipleKeys (0 ms)
[ RUN      ] BloomFilterTest.FalsePositiveRate
[       OK ] BloomFilterTest.FalsePositiveRate (7 ms)
[ RUN      ] BloomFilterTest.SerializationRoundtrip
[       OK ] BloomFilterTest.SerializationRoundtrip (0 ms)
[ RUN      ] BloomFilterTest.DeserializeInvalidData
[       OK ] BloomFilterTest.DeserializeInvalidData (0 ms)
[ RUN      ] BloomFilterTest.DeserializeTruncated
[       OK ] BloomFilterTest.DeserializeTruncated (0 ms)
[ RUN      ] BloomFilterTest.NullFilter
[       OK ] BloomFilterTest.NullFilter (0 ms)
[ RUN      ] BloomFilterTest.BinaryKeys
[       OK ] BloomFilterTest.BinaryKeys (0 ms)
[ RUN      ] BloomFilterTest.LargeFilter
[       OK ] BloomFilterTest.LargeFilter (5 ms)
[ RUN      ] BloomFilterTest.DifferentBitsPerKey
[       OK ] BloomFilterTest.DifferentBitsPerKey (0 ms)
[----------] 11 tests from BloomFilterTest (13 ms total)

[----------] 12 tests from BloomFilterSIMDTest
[ RUN      ] BloomFilterSIMDTest.BitCount_EmptyFilter
[       OK ] BloomFilterSIMDTest.BitCount_EmptyFilter (0 ms)
[ RUN      ] BloomFilterSIMDTest.BitCount_NonZero
[       OK ] BloomFilterSIMDTest.BitCount_NonZero (0 ms)
[ RUN      ] BloomFilterSIMDTest.BitCount_LargeFilter
[       OK ] BloomFilterSIMDTest.BitCount_LargeFilter (0 ms)
[ RUN      ] BloomFilterSIMDTest.Density_EmptyFilter
[       OK ] BloomFilterSIMDTest.Density_EmptyFilter (0 ms)
[ RUN      ] BloomFilterSIMDTest.Density_Reasonable
[       OK ] BloomFilterSIMDTest.Density_Reasonable (0 ms)
[ RUN      ] BloomFilterSIMDTest.BuildSIMDPath_LargeNoFalseNegatives
[       OK ] BloomFilterSIMDTest.BuildSIMDPath_LargeNoFalseNegatives (0 ms)
[ RUN      ] BloomFilterSIMDTest.MayContainSIMDPath_NoFalseNegatives
[       OK ] BloomFilterSIMDTest.MayContainSIMDPath_NoFalseNegatives (0 ms)
[ RUN      ] BloomFilterSIMDTest.BuildSIMDMatchesScalarBuild
[       OK ] BloomFilterSIMDTest.BuildSIMDMatchesScalarBuild (0 ms)
[ RUN      ] BloomFilterSIMDTest.PopcountDirect
[       OK ] BloomFilterSIMDTest.PopcountDirect (0 ms)
[ RUN      ] BloomFilterSIMDTest.PopcountLargeArray
[       OK ] BloomFilterSIMDTest.PopcountLargeArray (0 ms)
[ RUN      ] BloomFilterSIMDTest.DifferentKValues
[       OK ] BloomFilterSIMDTest.DifferentKValues (0 ms)
[ RUN      ] BloomFilterSIMDTest.BinaryKeysLargeFilter
[       OK ] BloomFilterSIMDTest.BinaryKeysLargeFilter (0 ms)
[----------] 12 tests from BloomFilterSIMDTest (3 ms total)

[----------] 2 tests from BloomFilterEmptyFilter
[ RUN      ] BloomFilterEmptyFilter.ZeroKeyFilterNeverRejects
[       OK ] BloomFilterEmptyFilter.ZeroKeyFilterNeverRejects (0 ms)
[ RUN      ] BloomFilterEmptyFilter.ZeroLengthPayloadDeserializesAsNull
[       OK ] BloomFilterEmptyFilter.ZeroLengthPayloadDeserializesAsNull (0 ms)
[----------] 2 tests from BloomFilterEmptyFilter (0 ms total)

[----------] 7 tests from DayBitmapRecoveryTest
[ RUN      ] DayBitmapRecoveryTest.OlderThanRepairWindowRemainsVisibleAcrossCleanRestart
INFO  2026-09-11 22:05:12,663 [shard 0:main] timestar.native_index - NativeIndex opened at: /home/matt/Desktop/source/tsdb/build/allocator-crash-probes/shard_0/native_index (0 SSTables, 2 MemTable entries, 0 local IDs)
INFO  2026-09-11 22:05:12,664 [shard 0:main] timestar.tsm - TSMFileManager init. shardId=0
INFO  2026-09-11 22:05:12,664 [shard 0:main] timestar.wal - WALFileManager::init starting for shard 0
INFO  2026-09-11 22:05:12,664 [shard 0:main] timestar.wal - WAL file manager initialization complete for shard 0
INFO  2026-09-11 22:05:12,692 [shard 0:main] timestar.engine - [ENGINE_STOP] Starting shutdown on shard 0
INFO  2026-09-11 22:05:12,692 [shard 0:main] timestar.engine - [ENGINE_STOP] Closing insert gate (0 in-flight) on shard 0
INFO  2026-09-11 22:05:12,692 [shard 0:main] timestar.engine - [ENGINE_STOP] Insert gate closed (0ms) on shard 0
INFO  2026-09-11 22:05:12,692 [shard 0:main] timestar.engine - [ENGINE_STOP] Streaming gate closed (0ms) on shard 0
INFO  2026-09-11 22:05:12,692 [shard 0:main] timestar.engine - [ENGINE_STOP] Retention drained (0ms) on shard 0
INFO  2026-09-11 22:05:12,692 [shard 0:main] timestar.engine - [ENGINE_STOP] Compaction loop stopped (0ms) on shard 0
INFO  2026-09-11 22:05:12,692 [shard 0:main] timestar.tsm - TSMFileManager stopped on shard 0
INFO  2026-09-11 22:05:12,692 [shard 0:main] timestar.engine - [ENGINE_STOP] TSM files closed (0ms) on shard 0
INFO  2026-09-11 22:05:12,692 [shard 0:main] timestar.wal - [WAL_CLOSE] Starting WAL file manager close on shard 0
INFO  2026-09-11 22:05:12,692 [shard 0:main] timestar.wal - [WAL_CLOSE] Draining 0 background TSM conversions on shard 0
INFO  2026-09-11 22:05:12,692 [shard 0:main] timestar.wal - [WAL_CLOSE] Background TSM conversions drained on shard 0
INFO  2026-09-11 22:05:12,692 [shard 0:main] timestar.wal - [WAL_CLOSE] Flushing memory store 0 to TSM on shard 0
INFO  2026-09-11 22:05:12,695 [shard 0:main] timestar.wal - [CONVERT_WAL_TO_TSM] Starting conversion of WAL 0 to TSM on shard 0
INFO  2026-09-11 22:05:12,701 [shard 0:main] timestar.tsm - Loaded sparse index for shard_0/tsm/0_0.tsm (tier 0): 3 series, bloom filter: 64 bytes
INFO  2026-09-11 22:05:12,701 [shard 0:main] timestar.wal - Successfully converted WAL 0 to TSM on shard 0 | 16384 -> 487 bytes (97.0% reclaimed)
INFO  2026-09-11 22:05:12,701 [shard 0:main] timestar.wal - [WAL_CLOSE] Successfully flushed store 0 to TSM on shard 0
INFO  2026-09-11 22:05:12,701 [shard 0:main] timestar.wal - [WAL_CLOSE] WAL file manager closed on shard 0
INFO  2026-09-11 22:05:12,701 [shard 0:main] timestar.engine - [ENGINE_STOP] WAL closed (9ms) on shard 0
INFO  2026-09-11 22:05:12,707 [shard 0:main] timestar.native_index - Flushing immutable MemTable: 30 entries, 19662 approx bytes
INFO  2026-09-11 22:05:12,707 [shard 0:main] timestar.native_index - SSTable write starting for file 1
INFO  2026-09-11 22:05:12,710 [shard 0:main] timestar.native_index - SSTable write complete: 30 entries, 722 bytes
INFO  2026-09-11 22:05:12,724 [shard 0:main] timestar.native_index - NativeIndex closed on shard 0
INFO  2026-09-11 22:05:12,724 [shard 0:main] timestar.engine - [ENGINE_STOP] Index closed (31ms) on shard 0
INFO  2026-09-11 22:05:12,724 [shard 0:main] timestar.engine - [ENGINE_STOP] Shutdown complete (31ms) on shard 0
INFO  2026-09-11 22:05:12,727 [shard 0:main] timestar.native_index - Restored LocalIdMap: 3 mappings
INFO  2026-09-11 22:05:12,727 [shard 0:main] timestar.native_index - Rebuilt blooms for 1 measurements
INFO  2026-09-11 22:05:12,727 [shard 0:main] timestar.native_index - NativeIndex opened at: /home/matt/Desktop/source/tsdb/build/allocator-crash-probes/shard_0/native_index (1 SSTables, 1 MemTable entries, 3 local IDs)
INFO  2026-09-11 22:05:12,727 [shard 0:main] timestar.tsm - TSMFileManager init. shardId=0
INFO  2026-09-11 22:05:12,728 [shard 0:main] timestar.tsm - Loaded sparse index for /home/matt/Desktop/source/tsdb/build/allocator-crash-probes/shard_0/tsm/0_0.tsm (tier 0): 3 series, bloom filter: 64 bytes
INFO  2026-09-11 22:05:12,728 [shard 0:main] timestar.wal - WALFileManager::init starting for shard 0
INFO  2026-09-11 22:05:12,728 [shard 0:main] timestar.wal - WAL file manager initialization complete for shard 0
INFO  2026-09-11 22:05:12,737 [shard 0:main] timestar.engine - [ENGINE_STOP] Starting shutdown on shard 0
INFO  2026-09-11 22:05:12,737 [shard 0:main] timestar.engine - [ENGINE_STOP] Closing insert gate (0 in-flight) on shard 0
INFO  2026-09-11 22:05:12,737 [shard 0:main] timestar.engine - [ENGINE_STOP] Insert gate closed (0ms) on shard 0
INFO  2026-09-11 22:05:12,737 [shard 0:main] timestar.engine - [ENGINE_STOP] Streaming gate closed (0ms) on shard 0
INFO  2026-09-11 22:05:12,737 [shard 0:main] timestar.engine - [ENGINE_STOP] Retention drained (0ms) on shard 0
INFO  2026-09-11 22:05:12,737 [shard 0:main] timestar.engine - [ENGINE_STOP] Compaction loop stopped (0ms) on shard 0
INFO  2026-09-11 22:05:12,737 [shard 0:main] timestar.tsm - TSMFileManager stopped on shard 0
INFO  2026-09-11 22:05:12,737 [shard 0:main] timestar.engine - [ENGINE_STOP] TSM files closed (0ms) on shard 0
INFO  2026-09-11 22:05:12,737 [shard 0:main] timestar.wal - [WAL_CLOSE] Starting WAL file manager close on shard 0
INFO  2026-09-11 22:05:12,737 [shard 0:main] timestar.wal - [WAL_CLOSE] Draining 0 background TSM conversions on shard 0
INFO  2026-09-11 22:05:12,737 [shard 0:main] timestar.wal - [WAL_CLOSE] Background TSM conversions drained on shard 0
INFO  2026-09-11 22:05:12,737 [shard 0:main] timestar.wal - [WAL_CLOSE] Closing empty memory store 0 on shard 0
INFO  2026-09-11 22:05:12,740 [shard 0:main] timestar.wal - [WAL_CLOSE] WAL file manager closed on shard 0
INFO  2026-09-11 22:05:12,740 [shard 0:main] timestar.engine - [ENGINE_STOP] WAL closed (3ms) on shard 0
INFO  2026-09-11 22:05:12,743 [shard 0:main] timestar.native_index - Flushing immutable MemTable: 4 entries, 368 approx bytes
INFO  2026-09-11 22:05:12,743 [shard 0:main] timestar.native_index - SSTable write starting for file 2
INFO  2026-09-11 22:05:12,746 [shard 0:main] timestar.native_index - SSTable write complete: 4 entries, 183 bytes
INFO  2026-09-11 22:05:12,765 [shard 0:main] timestar.native_index - NativeIndex closed on shard 0
INFO  2026-09-11 22:05:12,766 [shard 0:main] timestar.engine - [ENGINE_STOP] Index closed (28ms) on shard 0
INFO  2026-09-11 22:05:12,766 [shard 0:main] timestar.engine - [ENGINE_STOP] Shutdown complete (28ms) on shard 0
INFO  2026-09-11 22:05:12,770 [shard 0:main] timestar.native_index - Replayed 1 WAL records into MemTable
INFO  2026-09-11 22:05:12,770 [shard 0:main] timestar.native_index - Flushing immutable MemTable: 1 entries, 82 approx bytes
INFO  2026-09-11 22:05:12,770 [shard 0:main] timestar.native_index - SSTable write starting for file 3
INFO  2026-09-11 22:05:12,773 [shard 0:main] timestar.native_index - SSTable write complete: 1 entries, 128 bytes
INFO  2026-09-11 22:05:12,779 [shard 0:main] timestar.native_index - Recovered MemTable flushed to SSTable before WAL reuse
INFO  2026-09-11 22:05:12,785 [shard 0:main] timestar.native_index - Restored LocalIdMap: 3 mappings
INFO  2026-09-11 22:05:12,785 [shard 0:main] timestar.native_index - Rebuilt blooms for 1 measurements
INFO  2026-09-11 22:05:12,785 [shard 0:main] timestar.native_index - NativeIndex opened at: /home/matt/Desktop/source/tsdb/build/allocator-crash-probes/shard_0/native_index (3 SSTables, 2 MemTable entries, 3 local IDs)
INFO  2026-09-11 22:05:12,785 [shard 0:main] timestar.tsm - TSMFileManager init. shardId=0
INFO  2026-09-11 22:05:12,785 [shard 0:main] timestar.tsm - Loaded sparse index for /home/matt/Desktop/source/tsdb/build/allocator-crash-probes/shard_0/tsm/0_0.tsm (tier 0): 3 series, bloom filter: 64 bytes
INFO  2026-09-11 22:05:12,785 [shard 0:main] timestar.wal - WALFileManager::init starting for shard 0
INFO  2026-09-11 22:05:12,785 [shard 0:main] timestar.wal - WAL file manager initialization complete for shard 0
INFO  2026-09-11 22:05:12,786 [shard 0:main] timestar.engine - [ENGINE_STOP] Starting shutdown on shard 0
INFO  2026-09-11 22:05:12,786 [shard 0:main] timestar.engine - [ENGINE_STOP] Closing insert gate (0 in-flight) on shard 0
INFO  2026-09-11 22:05:12,786 [shard 0:main] timestar.engine - [ENGINE_STOP] Insert gate closed (0ms) on shard 0
INFO  2026-09-11 22:05:12,786 [shard 0:main] timestar.engine - [ENGINE_STOP] Streaming gate closed (0ms) on shard 0
INFO  2026-09-11 22:05:12,786 [shard 0:main] timestar.engine - [ENGINE_STOP] Retention drained (0ms) on shard 0
INFO  2026-09-11 22:05:12,786 [shard 0:main] timestar.engine - [ENGINE_STOP] Compaction loop stopped (0ms) on shard 0
INFO  2026-09-11 22:05:12,786 [shard 0:main] timestar.tsm - TSMFileManager stopped on shard 0
INFO  2026-09-11 22:05:12,786 [shard 0:main] timestar.engine - [ENGINE_STOP] TSM files closed (0ms) on shard 0
INFO  2026-09-11 22:05:12,786 [shard 0:main] timestar.wal - [WAL_CLOSE] Starting WAL file manager close on shard 0
INFO  2026-09-11 22:05:12,786 [shard 0:main] timestar.wal - [WAL_CLOSE] Draining 0 background TSM conversions on shard 0
INFO  2026-09-11 22:05:12,786 [shard 0:main] timestar.wal - [WAL_CLOSE] Background TSM conversions drained on shard 0
INFO  2026-09-11 22:05:12,786 [shard 0:main] timestar.wal - [WAL_CLOSE] Closing empty memory store 0 on shard 0
INFO  2026-09-11 22:05:12,790 [shard 0:main] timestar.wal - [WAL_CLOSE] WAL file manager closed on shard 0
INFO  2026-09-11 22:05:12,790 [shard 0:main] timestar.engine - [ENGINE_STOP] WAL closed (4ms) on shard 0
INFO  2026-09-11 22:05:12,793 [shard 0:main] timestar.native_index - Flushing immutable MemTable: 4 entries, 360 approx bytes
INFO  2026-09-11 22:05:12,793 [shard 0:main] timestar.native_index - SSTable write starting for file 4
INFO  2026-09-11 22:05:12,796 [shard 0:main] timestar.native_index - SSTable write complete: 4 entries, 176 bytes
INFO  2026-09-11 22:05:12,809 [shard 0:main] timestar.compaction - Compaction L0 -> L1: merged 4 files, 31 keys written, 0 tombstones dropped, 17264 bytes
INFO  2026-09-11 22:05:12,823 [shard 0:main] timestar.native_index - NativeIndex closed on shard 0
INFO  2026-09-11 22:05:12,823 [shard 0:main] timestar.engine - [ENGINE_STOP] Index closed (37ms) on shard 0
INFO  2026-09-11 22:05:12,823 [shard 0:main] timestar.engine - [ENGINE_STOP] Shutdown complete (37ms) on shard 0
[       OK ] DayBitmapRecoveryTest.OlderThanRepairWindowRemainsVisibleAcrossCleanRestart (175 ms)
[ RUN      ] DayBitmapRecoveryTest.DisabledRepairCannotSealIncompleteDayBitmaps
INFO  2026-09-11 22:05:12,838 [shard 0:main] timestar.native_index - NativeIndex opened at: /home/matt/Desktop/source/tsdb/build/allocator-crash-probes/shard_0/native_index (0 SSTables, 2 MemTable entries, 0 local IDs)
INFO  2026-09-11 22:05:12,838 [shard 0:main] timestar.tsm - TSMFileManager init. shardId=0
INFO  2026-09-11 22:05:12,838 [shard 0:main] timestar.wal - WALFileManager::init starting for shard 0
INFO  2026-09-11 22:05:12,838 [shard 0:main] timestar.wal - WAL file manager initialization complete for shard 0
INFO  2026-09-11 22:05:12,850 [shard 0:main] timestar.engine - [ENGINE_STOP] Starting shutdown on shard 0
INFO  2026-09-11 22:05:12,850 [shard 0:main] timestar.engine - [ENGINE_STOP] Closing insert gate (0 in-flight) on shard 0
INFO  2026-09-11 22:05:12,850 [shard 0:main] timestar.engine - [ENGINE_STOP] Insert gate closed (0ms) on shard 0
INFO  2026-09-11 22:05:12,850 [shard 0:main] timestar.engine - [ENGINE_STOP] Streaming gate closed (0ms) on shard 0
INFO  2026-09-11 22:05:12,850 [shard 0:main] timestar.engine - [ENGINE_STOP] Retention drained (0ms) on shard 0
INFO  2026-09-11 22:05:12,850 [shard 0:main] timestar.engine - [ENGINE_STOP] Compaction loop stopped (0ms) on shard 0
INFO  2026-09-11 22:05:12,850 [shard 0:main] timestar.tsm - TSMFileManager stopped on shard 0
INFO  2026-09-11 22:05:12,850 [shard 0:main] timestar.engine - [ENGINE_STOP] TSM files closed (0ms) on shard 0
INFO  2026-09-11 22:05:12,850 [shard 0:main] timestar.wal - [WAL_CLOSE] Starting WAL file manager close on shard 0
INFO  2026-09-11 22:05:12,850 [shard 0:main] timestar.wal - [WAL_CLOSE] Draining 0 background TSM conversions on shard 0
INFO  2026-09-11 22:05:12,850 [shard 0:main] timestar.wal - [WAL_CLOSE] Background TSM conversions drained on shard 0
INFO  2026-09-11 22:05:12,850 [shard 0:main] timestar.wal - [WAL_CLOSE] Flushing memory store 0 to TSM on shard 0
INFO  2026-09-11 22:05:12,854 [shard 0:main] timestar.wal - [CONVERT_WAL_TO_TSM] Starting conversion of WAL 0 to TSM on shard 0
INFO  2026-09-11 22:05:12,859 [shard 0:main] timestar.tsm - Loaded sparse index for shard_0/tsm/0_0.tsm (tier 0): 1 series, bloom filter: 64 bytes
INFO  2026-09-11 22:05:12,860 [shard 0:main] timestar.wal - Successfully converted WAL 0 to TSM on shard 0 | 4096 -> 171 bytes (95.8% reclaimed)
INFO  2026-09-11 22:05:12,860 [shard 0:main] timestar.wal - [WAL_CLOSE] Successfully flushed store 0 to TSM on shard 0
INFO  2026-09-11 22:05:12,860 [shard 0:main] timestar.wal - [WAL_CLOSE] WAL file manager closed on shard 0
INFO  2026-09-11 22:05:12,860 [shard 0:main] timestar.engine - [ENGINE_STOP] WAL closed (9ms) on shard 0
INFO  2026-09-11 22:05:12,865 [shard 0:main] timestar.native_index - Flushing immutable MemTable: 17 entries, 18143 approx bytes
INFO  2026-09-11 22:05:12,865 [shard 0:main] timestar.native_index - SSTable write starting for file 1
INFO  2026-09-11 22:05:12,868 [shard 0:main] timestar.native_index - SSTable write complete: 17 entries, 497 bytes
INFO  2026-09-11 22:05:12,882 [shard 0:main] timestar.native_index - NativeIndex closed on shard 0
INFO  2026-09-11 22:05:12,882 [shard 0:main] timestar.engine - [ENGINE_STOP] Index closed (31ms) on shard 0
INFO  2026-09-11 22:05:12,882 [shard 0:main] timestar.engine - [ENGINE_STOP] Shutdown complete (31ms) on shard 0
INFO  2026-09-11 22:05:12,886 [shard 0:main] timestar.native_index - Restored LocalIdMap: 1 mappings
INFO  2026-09-11 22:05:12,886 [shard 0:main] timestar.native_index - Rebuilt blooms for 1 measurements
INFO  2026-09-11 22:05:12,886 [shard 0:main] timestar.native_index - NativeIndex opened at: /home/matt/Desktop/source/tsdb/build/allocator-crash-probes/shard_0/native_index (1 SSTables, 1 MemTable entries, 1 local IDs)
INFO  2026-09-11 22:05:12,886 [shard 0:main] timestar.tsm - TSMFileManager init. shardId=0
INFO  2026-09-11 22:05:12,886 [shard 0:main] timestar.tsm - Loaded sparse index for /home/matt/Desktop/source/tsdb/build/allocator-crash-probes/shard_0/tsm/0_0.tsm (tier 0): 1 series, bloom filter: 64 bytes
INFO  2026-09-11 22:05:12,886 [shard 0:main] timestar.wal - WALFileManager::init starting for shard 0
INFO  2026-09-11 22:05:12,886 [shard 0:main] timestar.wal - WAL file manager initialization complete for shard 0
INFO  2026-09-11 22:05:12,891 [shard 0:main] timestar.engine - [ENGINE_STOP] Starting shutdown on shard 0
INFO  2026-09-11 22:05:12,891 [shard 0:main] timestar.engine - [ENGINE_STOP] Closing insert gate (0 in-flight) on shard 0
INFO  2026-09-11 22:05:12,891 [shard 0:main] timestar.engine - [ENGINE_STOP] Insert gate closed (0ms) on shard 0
INFO  2026-09-11 22:05:12,891 [shard 0:main] timestar.engine - [ENGINE_STOP] Streaming gate closed (0ms) on shard 0
INFO  2026-09-11 22:05:12,891 [shard 0:main] timestar.engine - [ENGINE_STOP] Retention drained (0ms) on shard 0
INFO  2026-09-11 22:05:12,891 [shard 0:main] timestar.engine - [ENGINE_STOP] Compaction loop stopped (0ms) on shard 0
INFO  2026-09-11 22:05:12,891 [shard 0:main] timestar.tsm - TSMFileManager stopped on shard 0
INFO  2026-09-11 22:05:12,891 [shard 0:main] timestar.engine - [ENGINE_STOP] TSM files closed (0ms) on shard 0
INFO  2026-09-11 22:05:12,891 [shard 0:main] timestar.wal - [WAL_CLOSE] Starting WAL file manager close on shard 0
INFO  2026-09-11 22:05:12,891 [shard 0:main] timestar.wal - [WAL_CLOSE] Draining 0 background TSM conversions on shard 0
INFO  2026-09-11 22:05:12,891 [shard 0:main] timestar.wal - [WAL_CLOSE] Background TSM conversions drained on shard 0
INFO  2026-09-11 22:05:12,891 [shard 0:main] timestar.wal - [WAL_CLOSE] Closing empty memory store 0 on shard 0
INFO  2026-09-11 22:05:12,895 [shard 0:main] timestar.wal - [WAL_CLOSE] WAL file manager closed on shard 0
INFO  2026-09-11 22:05:12,895 [shard 0:main] timestar.engine - [ENGINE_STOP] WAL closed (3ms) on shard 0
INFO  2026-09-11 22:05:12,898 [shard 0:main] timestar.native_index - Flushing immutable MemTable: 4 entries, 368 approx bytes
INFO  2026-09-11 22:05:12,898 [shard 0:main] timestar.native_index - SSTable write starting for file 2
INFO  2026-09-11 22:05:12,902 [shard 0:main] timestar.native_index - SSTable write complete: 4 entries, 183 bytes
INFO  2026-09-11 22:05:12,921 [shard 0:main] timestar.native_index - NativeIndex closed on shard 0
INFO  2026-09-11 22:05:12,921 [shard 0:main] timestar.engine - [ENGINE_STOP] Index closed (29ms) on shard 0
INFO  2026-09-11 22:05:12,921 [shard 0:main] timestar.engine - [ENGINE_STOP] Shutdown complete (29ms) on shard 0
INFO  2026-09-11 22:05:12,924 [shard 0:main] timestar.native_index - Replayed 1 WAL records into MemTable
INFO  2026-09-11 22:05:12,925 [shard 0:main] timestar.native_index - Flushing immutable MemTable: 1 entries, 82 approx bytes
INFO  2026-09-11 22:05:12,925 [shard 0:main] timestar.native_index - SSTable write starting for file 3
INFO  2026-09-11 22:05:12,928 [shard 0:main] timestar.native_index - SSTable write complete: 1 entries, 128 bytes
INFO  2026-09-11 22:05:12,934 [shard 0:main] timestar.native_index - Recovered MemTable flushed to SSTable before WAL reuse
INFO  2026-09-11 22:05:12,940 [shard 0:main] timestar.native_index - Restored LocalIdMap: 1 mappings
INFO  2026-09-11 22:05:12,940 [shard 0:main] timestar.native_index - Rebuilt blooms for 1 measurements
INFO  2026-09-11 22:05:12,940 [shard 0:main] timestar.native_index - NativeIndex opened at: /home/matt/Desktop/source/tsdb/build/allocator-crash-probes/shard_0/native_index (3 SSTables, 2 MemTable entries, 1 local IDs)
INFO  2026-09-11 22:05:12,940 [shard 0:main] timestar.tsm - TSMFileManager init. shardId=0
INFO  2026-09-11 22:05:12,940 [shard 0:main] timestar.tsm - Loaded sparse index for /home/matt/Desktop/source/tsdb/build/allocator-crash-probes/shard_0/tsm/0_0.tsm (tier 0): 1 series, bloom filter: 64 bytes
INFO  2026-09-11 22:05:12,940 [shard 0:main] timestar.wal - WALFileManager::init starting for shard 0
INFO  2026-09-11 22:05:12,940 [shard 0:main] timestar.wal - WAL file manager initialization complete for shard 0
INFO  2026-09-11 22:05:12,940 [shard 0:main] timestar.engine - [ENGINE_STOP] Starting shutdown on shard 0
INFO  2026-09-11 22:05:12,940 [shard 0:main] timestar.engine - [ENGINE_STOP] Closing insert gate (0 in-flight) on shard 0
INFO  2026-09-11 22:05:12,940 [shard 0:main] timestar.engine - [ENGINE_STOP] Insert gate closed (0ms) on shard 0
INFO  2026-09-11 22:05:12,940 [shard 0:main] timestar.engine - [ENGINE_STOP] Streaming gate closed (0ms) on shard 0
INFO  2026-09-11 22:05:12,940 [shard 0:main] timestar.engine - [ENGINE_STOP] Retention drained (0ms) on shard 0
INFO  2026-09-11 22:05:12,940 [shard 0:main] timestar.engine - [ENGINE_STOP] Compaction loop stopped (0ms) on shard 0
INFO  2026-09-11 22:05:12,940 [shard 0:main] timestar.tsm - TSMFileManager stopped on shard 0
INFO  2026-09-11 22:05:12,940 [shard 0:main] timestar.engine - [ENGINE_STOP] TSM files closed (0ms) on shard 0
INFO  2026-09-11 22:05:12,940 [shard 0:main] timestar.wal - [WAL_CLOSE] Starting WAL file manager close on shard 0
INFO  2026-09-11 22:05:12,940 [shard 0:main] timestar.wal - [WAL_CLOSE] Draining 0 background TSM conversions on shard 0
INFO  2026-09-11 22:05:12,940 [shard 0:main] timestar.wal - [WAL_CLOSE] Background TSM conversions drained on shard 0
INFO  2026-09-11 22:05:12,940 [shard 0:main] timestar.wal - [WAL_CLOSE] Closing empty memory store 0 on shard 0
INFO  2026-09-11 22:05:12,945 [shard 0:main] timestar.wal - [WAL_CLOSE] WAL file manager closed on shard 0
INFO  2026-09-11 22:05:12,945 [shard 0:main] timestar.engine - [ENGINE_STOP] WAL closed (4ms) on shard 0
INFO  2026-09-11 22:05:12,948 [shard 0:main] timestar.native_index - Flushing immutable MemTable: 4 entries, 360 approx bytes
INFO  2026-09-11 22:05:12,948 [shard 0:main] timestar.native_index - SSTable write starting for file 4
INFO  2026-09-11 22:05:12,951 [shard 0:main] timestar.native_index - SSTable write complete: 4 entries, 176 bytes
INFO  2026-09-11 22:05:12,965 [shard 0:main] timestar.compaction - Compaction L0 -> L1: merged 4 files, 18 keys written, 0 tombstones dropped, 16786 bytes
INFO  2026-09-11 22:05:12,978 [shard 0:main] timestar.native_index - NativeIndex closed on shard 0
INFO  2026-09-11 22:05:12,978 [shard 0:main] timestar.engine - [ENGINE_STOP] Index closed (37ms) on shard 0
INFO  2026-09-11 22:05:12,978 [shard 0:main] timestar.engine - [ENGINE_STOP] Shutdown complete (37ms) on shard 0
[       OK ] DayBitmapRecoveryTest.DisabledRepairCannotSealIncompleteDayBitmaps (155 ms)
[ RUN      ] DayBitmapRecoveryTest.FutureDatedDataOutsideRepairCapRemainsVisible
INFO  2026-09-11 22:05:12,994 [shard 0:main] timestar.native_index - NativeIndex opened at: /home/matt/Desktop/source/tsdb/build/allocator-crash-probes/shard_0/native_index (0 SSTables, 2 MemTable entries, 0 local IDs)
INFO  2026-09-11 22:05:12,994 [shard 0:main] timestar.tsm - TSMFileManager init. shardId=0
INFO  2026-09-11 22:05:12,994 [shard 0:main] timestar.wal - WALFileManager::init starting for shard 0
INFO  2026-09-11 22:05:12,994 [shard 0:main] timestar.wal - WAL file manager initialization complete for shard 0
INFO  2026-09-11 22:05:13,011 [shard 0:main] timestar.engine - [ENGINE_STOP] Starting shutdown on shard 0
INFO  2026-09-11 22:05:13,011 [shard 0:main] timestar.engine - [ENGINE_STOP] Closing insert gate (0 in-flight) on shard 0
INFO  2026-09-11 22:05:13,011 [shard 0:main] timestar.engine - [ENGINE_STOP] Insert gate closed (0ms) on shard 0
INFO  2026-09-11 22:05:13,011 [shard 0:main] timestar.engine - [ENGINE_STOP] Streaming gate closed (0ms) on shard 0
INFO  2026-09-11 22:05:13,011 [shard 0:main] timestar.engine - [ENGINE_STOP] Retention drained (0ms) on shard 0
INFO  2026-09-11 22:05:13,011 [shard 0:main] timestar.engine - [ENGINE_STOP] Compaction loop stopped (0ms) on shard 0
INFO  2026-09-11 22:05:13,011 [shard 0:main] timestar.tsm - TSMFileManager stopped on shard 0
INFO  2026-09-11 22:05:13,011 [shard 0:main] timestar.engine - [ENGINE_STOP] TSM files closed (0ms) on shard 0
INFO  2026-09-11 22:05:13,011 [shard 0:main] timestar.wal - [WAL_CLOSE] Starting WAL file manager close on shard 0
INFO  2026-09-11 22:05:13,011 [shard 0:main] timestar.wal - [WAL_CLOSE] Draining 0 background TSM conversions on shard 0
INFO  2026-09-11 22:05:13,011 [shard 0:main] timestar.wal - [WAL_CLOSE] Background TSM conversions drained on shard 0
INFO  2026-09-11 22:05:13,011 [shard 0:main] timestar.wal - [WAL_CLOSE] Flushing memory store 0 to TSM on shard 0
INFO  2026-09-11 22:05:13,015 [shard 0:main] timestar.wal - [CONVERT_WAL_TO_TSM] Starting conversion of WAL 0 to TSM on shard 0
INFO  2026-09-11 22:05:13,021 [shard 0:main] timestar.tsm - Loaded sparse index for shard_0/tsm/0_0.tsm (tier 0): 2 series, bloom filter: 64 bytes
INFO  2026-09-11 22:05:13,021 [shard 0:main] timestar.wal - Successfully converted WAL 0 to TSM on shard 0 | 8192 -> 329 bytes (96.0% reclaimed)
INFO  2026-09-11 22:05:13,021 [shard 0:main] timestar.wal - [WAL_CLOSE] Successfully flushed store 0 to TSM on shard 0
INFO  2026-09-11 22:05:13,021 [shard 0:main] timestar.wal - [WAL_CLOSE] WAL file manager closed on shard 0
INFO  2026-09-11 22:05:13,021 [shard 0:main] timestar.engine - [ENGINE_STOP] WAL closed (9ms) on shard 0
INFO  2026-09-11 22:05:13,027 [shard 0:main] timestar.native_index - Flushing immutable MemTable: 24 entries, 18957 approx bytes
INFO  2026-09-11 22:05:13,027 [shard 0:main] timestar.native_index - SSTable write starting for file 1
INFO  2026-09-11 22:05:13,030 [shard 0:main] timestar.native_index - SSTable write complete: 24 entries, 619 bytes
INFO  2026-09-11 22:05:13,043 [shard 0:main] timestar.native_index - NativeIndex closed on shard 0
INFO  2026-09-11 22:05:13,043 [shard 0:main] timestar.engine - [ENGINE_STOP] Index closed (31ms) on shard 0
INFO  2026-09-11 22:05:13,043 [shard 0:main] timestar.engine - [ENGINE_STOP] Shutdown complete (31ms) on shard 0
INFO  2026-09-11 22:05:13,047 [shard 0:main] timestar.native_index - Restored LocalIdMap: 2 mappings
INFO  2026-09-11 22:05:13,047 [shard 0:main] timestar.native_index - Rebuilt blooms for 1 measurements
INFO  2026-09-11 22:05:13,047 [shard 0:main] timestar.native_index - NativeIndex opened at: /home/matt/Desktop/source/tsdb/build/allocator-crash-probes/shard_0/native_index (1 SSTables, 1 MemTable entries, 2 local IDs)
INFO  2026-09-11 22:05:13,047 [shard 0:main] timestar.tsm - TSMFileManager init. shardId=0
INFO  2026-09-11 22:05:13,047 [shard 0:main] timestar.tsm - Loaded sparse index for /home/matt/Desktop/source/tsdb/build/allocator-crash-probes/shard_0/tsm/0_0.tsm (tier 0): 2 series, bloom filter: 64 bytes
INFO  2026-09-11 22:05:13,047 [shard 0:main] timestar.wal - WALFileManager::init starting for shard 0
INFO  2026-09-11 22:05:13,047 [shard 0:main] timestar.wal - WAL file manager initialization complete for shard 0
INFO  2026-09-11 22:05:13,056 [shard 0:main] timestar.engine - [ENGINE_STOP] Starting shutdown on shard 0
INFO  2026-09-11 22:05:13,056 [shard 0:main] timestar.engine - [ENGINE_STOP] Closing insert gate (0 in-flight) on shard 0
INFO  2026-09-11 22:05:13,056 [shard 0:main] timestar.engine - [ENGINE_STOP] Insert gate closed (0ms) on shard 0
INFO  2026-09-11 22:05:13,056 [shard 0:main] timestar.engine - [ENGINE_STOP] Streaming gate closed (0ms) on shard 0
INFO  2026-09-11 22:05:13,056 [shard 0:main] timestar.engine - [ENGINE_STOP] Retention drained (0ms) on shard 0
INFO  2026-09-11 22:05:13,056 [shard 0:main] timestar.engine - [ENGINE_STOP] Compaction loop stopped (0ms) on shard 0
INFO  2026-09-11 22:05:13,056 [shard 0:main] timestar.tsm - TSMFileManager stopped on shard 0
INFO  2026-09-11 22:05:13,056 [shard 0:main] timestar.engine - [ENGINE_STOP] TSM files closed (0ms) on shard 0
INFO  2026-09-11 22:05:13,056 [shard 0:main] timestar.wal - [WAL_CLOSE] Starting WAL file manager close on shard 0
INFO  2026-09-11 22:05:13,056 [shard 0:main] timestar.wal - [WAL_CLOSE] Draining 0 background TSM conversions on shard 0
INFO  2026-09-11 22:05:13,056 [shard 0:main] timestar.wal - [WAL_CLOSE] Background TSM conversions drained on shard 0
INFO  2026-09-11 22:05:13,056 [shard 0:main] timestar.wal - [WAL_CLOSE] Closing empty memory store 0 on shard 0
INFO  2026-09-11 22:05:13,060 [shard 0:main] timestar.wal - [WAL_CLOSE] WAL file manager closed on shard 0
INFO  2026-09-11 22:05:13,060 [shard 0:main] timestar.engine - [ENGINE_STOP] WAL closed (3ms) on shard 0
INFO  2026-09-11 22:05:13,063 [shard 0:main] timestar.native_index - Flushing immutable MemTable: 5 entries, 453 approx bytes
INFO  2026-09-11 22:05:13,063 [shard 0:main] timestar.native_index - SSTable write starting for file 2
INFO  2026-09-11 22:05:13,066 [shard 0:main] timestar.native_index - SSTable write complete: 5 entries, 199 bytes
INFO  2026-09-11 22:05:13,086 [shard 0:main] timestar.native_index - NativeIndex closed on shard 0
INFO  2026-09-11 22:05:13,086 [shard 0:main] timestar.engine - [ENGINE_STOP] Index closed (29ms) on shard 0
INFO  2026-09-11 22:05:13,086 [shard 0:main] timestar.engine - [ENGINE_STOP] Shutdown complete (29ms) on shard 0
[       OK ] DayBitmapRecoveryTest.FutureDatedDataOutsideRepairCapRemainsVisible (107 ms)
[ RUN      ] DayBitmapRecoveryTest.InitRepairsDayBitmapsLostToAnUncleanShutdown
INFO  2026-09-11 22:05:13,100 [shard 0:main] timestar.native_index - NativeIndex opened at: /home/matt/Desktop/source/tsdb/build/allocator-crash-probes/shard_0/native_index (0 SSTables, 2 MemTable entries, 0 local IDs)
INFO  2026-09-11 22:05:13,100 [shard 0:main] timestar.tsm - TSMFileManager init. shardId=0
INFO  2026-09-11 22:05:13,100 [shard 0:main] timestar.wal - WALFileManager::init starting for shard 0
INFO  2026-09-11 22:05:13,100 [shard 0:main] timestar.wal - WAL file manager initialization complete for shard 0
INFO  2026-09-11 22:05:13,130 [shard 0:main] timestar.engine - [ENGINE_STOP] Starting shutdown on shard 0
INFO  2026-09-11 22:05:13,130 [shard 0:main] timestar.engine - [ENGINE_STOP] Closing insert gate (0 in-flight) on shard 0
INFO  2026-09-11 22:05:13,130 [shard 0:main] timestar.engine - [ENGINE_STOP] Insert gate closed (0ms) on shard 0
INFO  2026-09-11 22:05:13,130 [shard 0:main] timestar.engine - [ENGINE_STOP] Streaming gate closed (0ms) on shard 0
INFO  2026-09-11 22:05:13,130 [shard 0:main] timestar.engine - [ENGINE_STOP] Retention drained (0ms) on shard 0
INFO  2026-09-11 22:05:13,130 [shard 0:main] timestar.engine - [ENGINE_STOP] Compaction loop stopped (0ms) on shard 0
INFO  2026-09-11 22:05:13,130 [shard 0:main] timestar.tsm - TSMFileManager stopped on shard 0
INFO  2026-09-11 22:05:13,130 [shard 0:main] timestar.engine - [ENGINE_STOP] TSM files closed (0ms) on shard 0
INFO  2026-09-11 22:05:13,130 [shard 0:main] timestar.wal - [WAL_CLOSE] Starting WAL file manager close on shard 0
INFO  2026-09-11 22:05:13,130 [shard 0:main] timestar.wal - [WAL_CLOSE] Draining 0 background TSM conversions on shard 0
INFO  2026-09-11 22:05:13,130 [shard 0:main] timestar.wal - [WAL_CLOSE] Background TSM conversions drained on shard 0
INFO  2026-09-11 22:05:13,130 [shard 0:main] timestar.wal - [WAL_CLOSE] Flushing memory store 0 to TSM on shard 0
INFO  2026-09-11 22:05:13,134 [shard 0:main] timestar.wal - [CONVERT_WAL_TO_TSM] Starting conversion of WAL 0 to TSM on shard 0
INFO  2026-09-11 22:05:13,140 [shard 0:main] timestar.tsm - Loaded sparse index for shard_0/tsm/0_0.tsm (tier 0): 1 series, bloom filter: 64 bytes
INFO  2026-09-11 22:05:13,140 [shard 0:main] timestar.wal - Successfully converted WAL 0 to TSM on shard 0 | 16384 -> 203 bytes (98.8% reclaimed)
INFO  2026-09-11 22:05:13,140 [shard 0:main] timestar.wal - [WAL_CLOSE] Successfully flushed store 0 to TSM on shard 0
INFO  2026-09-11 22:05:13,140 [shard 0:main] timestar.wal - [WAL_CLOSE] WAL file manager closed on shard 0
INFO  2026-09-11 22:05:13,140 [shard 0:main] timestar.engine - [ENGINE_STOP] WAL closed (9ms) on shard 0
INFO  2026-09-11 22:05:13,145 [shard 0:main] timestar.native_index - Flushing immutable MemTable: 20 entries, 18461 approx bytes
INFO  2026-09-11 22:05:13,145 [shard 0:main] timestar.native_index - SSTable write starting for file 1
INFO  2026-09-11 22:05:13,148 [shard 0:main] timestar.native_index - SSTable write complete: 20 entries, 530 bytes
INFO  2026-09-11 22:05:13,163 [shard 0:main] timestar.native_index - NativeIndex closed on shard 0
INFO  2026-09-11 22:05:13,163 [shard 0:main] timestar.engine - [ENGINE_STOP] Index closed (32ms) on shard 0
INFO  2026-09-11 22:05:13,163 [shard 0:main] timestar.engine - [ENGINE_STOP] Shutdown complete (32ms) on shard 0
INFO  2026-09-11 22:05:13,167 [shard 0:main] timestar.native_index - Restored LocalIdMap: 1 mappings
INFO  2026-09-11 22:05:13,167 [shard 0:main] timestar.native_index - Rebuilt blooms for 1 measurements
INFO  2026-09-11 22:05:13,167 [shard 0:main] timestar.native_index - NativeIndex opened at: /home/matt/Desktop/source/tsdb/build/allocator-crash-probes/shard_0/native_index (1 SSTables, 1 MemTable entries, 1 local IDs)
INFO  2026-09-11 22:05:13,167 [shard 0:main] timestar.tsm - TSMFileManager init. shardId=0
INFO  2026-09-11 22:05:13,167 [shard 0:main] timestar.tsm - Loaded sparse index for /home/matt/Desktop/source/tsdb/build/allocator-crash-probes/shard_0/tsm/0_0.tsm (tier 0): 1 series, bloom filter: 64 bytes
INFO  2026-09-11 22:05:13,167 [shard 0:main] timestar.wal - WALFileManager::init starting for shard 0
INFO  2026-09-11 22:05:13,167 [shard 0:main] timestar.wal - WAL file manager initialization complete for shard 0
INFO  2026-09-11 22:05:13,175 [shard 0:main] timestar.engine - [SHARD 0] Repaired day bitmaps: 3 series/day memberships restored across days [20675, 20706] from 1 series in 8 ms
INFO  2026-09-11 22:05:13,175 [shard 0:main] timestar.engine - [ENGINE_STOP] Starting shutdown on shard 0
INFO  2026-09-11 22:05:13,175 [shard 0:main] timestar.engine - [ENGINE_STOP] Closing insert gate (0 in-flight) on shard 0
INFO  2026-09-11 22:05:13,175 [shard 0:main] timestar.engine - [ENGINE_STOP] Insert gate closed (0ms) on shard 0
INFO  2026-09-11 22:05:13,175 [shard 0:main] timestar.engine - [ENGINE_STOP] Streaming gate closed (0ms) on shard 0
INFO  2026-09-11 22:05:13,175 [shard 0:main] timestar.engine - [ENGINE_STOP] Retention drained (0ms) on shard 0
INFO  2026-09-11 22:05:13,175 [shard 0:main] timestar.engine - [ENGINE_STOP] Compaction loop stopped (0ms) on shard 0
INFO  2026-09-11 22:05:13,175 [shard 0:main] timestar.tsm - TSMFileManager stopped on shard 0
INFO  2026-09-11 22:05:13,175 [shard 0:main] timestar.engine - [ENGINE_STOP] TSM files closed (0ms) on shard 0
INFO  2026-09-11 22:05:13,175 [shard 0:main] timestar.wal - [WAL_CLOSE] Starting WAL file manager close on shard 0
INFO  2026-09-11 22:05:13,175 [shard 0:main] timestar.wal - [WAL_CLOSE] Draining 0 background TSM conversions on shard 0
INFO  2026-09-11 22:05:13,175 [shard 0:main] timestar.wal - [WAL_CLOSE] Background TSM conversions drained on shard 0
INFO  2026-09-11 22:05:13,175 [shard 0:main] timestar.wal - [WAL_CLOSE] Closing empty memory store 0 on shard 0
INFO  2026-09-11 22:05:13,179 [shard 0:main] timestar.wal - [WAL_CLOSE] WAL file manager closed on shard 0
INFO  2026-09-11 22:05:13,179 [shard 0:main] timestar.engine - [ENGINE_STOP] WAL closed (3ms) on shard 0
INFO  2026-09-11 22:05:13,182 [shard 0:main] timestar.native_index - Flushing immutable MemTable: 8 entries, 807 approx bytes
INFO  2026-09-11 22:05:13,182 [shard 0:main] timestar.native_index - SSTable write starting for file 2
INFO  2026-09-11 22:05:13,185 [shard 0:main] timestar.native_index - SSTable write complete: 8 entries, 243 bytes
INFO  2026-09-11 22:05:13,204 [shard 0:main] timestar.native_index - NativeIndex closed on shard 0
INFO  2026-09-11 22:05:13,204 [shard 0:main] timestar.engine - [ENGINE_STOP] Index closed (28ms) on shard 0
INFO  2026-09-11 22:05:13,204 [shard 0:main] timestar.engine - [ENGINE_STOP] Shutdown complete (28ms) on shard 0
[       OK ] DayBitmapRecoveryTest.InitRepairsDayBitmapsLostToAnUncleanShutdown (118 ms)
[ RUN      ] DayBitmapRecoveryTest.InitRepairsBackfilledDaysBelowTheWatermark
INFO  2026-09-11 22:05:13,220 [shard 0:main] timestar.native_index - NativeIndex opened at: /home/matt/Desktop/source/tsdb/build/allocator-crash-probes/shard_0/native_index (0 SSTables, 2 MemTable entries, 0 local IDs)
INFO  2026-09-11 22:05:13,220 [shard 0:main] timestar.tsm - TSMFileManager init. shardId=0
INFO  2026-09-11 22:05:13,220 [shard 0:main] timestar.wal - WALFileManager::init starting for shard 0
INFO  2026-09-11 22:05:13,220 [shard 0:main] timestar.wal - WAL file manager initialization complete for shard 0
INFO  2026-09-11 22:05:13,248 [shard 0:main] timestar.engine - [ENGINE_STOP] Starting shutdown on shard 0
INFO  2026-09-11 22:05:13,248 [shard 0:main] timestar.engine - [ENGINE_STOP] Closing insert gate (0 in-flight) on shard 0
INFO  2026-09-11 22:05:13,248 [shard 0:main] timestar.engine - [ENGINE_STOP] Insert gate closed (0ms) on shard 0
INFO  2026-09-11 22:05:13,248 [shard 0:main] timestar.engine - [ENGINE_STOP] Streaming gate closed (0ms) on shard 0
INFO  2026-09-11 22:05:13,248 [shard 0:main] timestar.engine - [ENGINE_STOP] Retention drained (0ms) on shard 0
INFO  2026-09-11 22:05:13,248 [shard 0:main] timestar.engine - [ENGINE_STOP] Compaction loop stopped (0ms) on shard 0
INFO  2026-09-11 22:05:13,248 [shard 0:main] timestar.tsm - TSMFileManager stopped on shard 0
INFO  2026-09-11 22:05:13,248 [shard 0:main] timestar.engine - [ENGINE_STOP] TSM files closed (0ms) on shard 0
INFO  2026-09-11 22:05:13,248 [shard 0:main] timestar.wal - [WAL_CLOSE] Starting WAL file manager close on shard 0
INFO  2026-09-11 22:05:13,248 [shard 0:main] timestar.wal - [WAL_CLOSE] Draining 0 background TSM conversions on shard 0
INFO  2026-09-11 22:05:13,248 [shard 0:main] timestar.wal - [WAL_CLOSE] Background TSM conversions drained on shard 0
INFO  2026-09-11 22:05:13,248 [shard 0:main] timestar.wal - [WAL_CLOSE] Flushing memory store 0 to TSM on shard 0
INFO  2026-09-11 22:05:13,252 [shard 0:main] timestar.wal - [CONVERT_WAL_TO_TSM] Starting conversion of WAL 0 to TSM on shard 0
INFO  2026-09-11 22:05:13,258 [shard 0:main] timestar.tsm - Loaded sparse index for shard_0/tsm/0_0.tsm (tier 0): 2 series, bloom filter: 64 bytes
INFO  2026-09-11 22:05:13,258 [shard 0:main] timestar.wal - Successfully converted WAL 0 to TSM on shard 0 | 16384 -> 353 bytes (97.8% reclaimed)
INFO  2026-09-11 22:05:13,258 [shard 0:main] timestar.wal - [WAL_CLOSE] Successfully flushed store 0 to TSM on shard 0
INFO  2026-09-11 22:05:13,258 [shard 0:main] timestar.wal - [WAL_CLOSE] WAL file manager closed on shard 0
INFO  2026-09-11 22:05:13,258 [shard 0:main] timestar.engine - [ENGINE_STOP] WAL closed (9ms) on shard 0
INFO  2026-09-11 22:05:13,264 [shard 0:main] timestar.native_index - Flushing immutable MemTable: 26 entries, 19184 approx bytes
INFO  2026-09-11 22:05:13,264 [shard 0:main] timestar.native_index - SSTable write starting for file 1
INFO  2026-09-11 22:05:13,267 [shard 0:main] timestar.native_index - SSTable write complete: 26 entries, 645 bytes
INFO  2026-09-11 22:05:13,280 [shard 0:main] timestar.native_index - NativeIndex closed on shard 0
INFO  2026-09-11 22:05:13,280 [shard 0:main] timestar.engine - [ENGINE_STOP] Index closed (32ms) on shard 0
INFO  2026-09-11 22:05:13,280 [shard 0:main] timestar.engine - [ENGINE_STOP] Shutdown complete (32ms) on shard 0
INFO  2026-09-11 22:05:13,284 [shard 0:main] timestar.native_index - Restored LocalIdMap: 2 mappings
INFO  2026-09-11 22:05:13,284 [shard 0:main] timestar.native_index - Rebuilt blooms for 1 measurements
INFO  2026-09-11 22:05:13,284 [shard 0:main] timestar.native_index - NativeIndex opened at: /home/matt/Desktop/source/tsdb/build/allocator-crash-probes/shard_0/native_index (1 SSTables, 1 MemTable entries, 2 local IDs)
INFO  2026-09-11 22:05:13,284 [shard 0:main] timestar.tsm - TSMFileManager init. shardId=0
INFO  2026-09-11 22:05:13,285 [shard 0:main] timestar.tsm - Loaded sparse index for /home/matt/Desktop/source/tsdb/build/allocator-crash-probes/shard_0/tsm/0_0.tsm (tier 0): 2 series, bloom filter: 64 bytes
INFO  2026-09-11 22:05:13,285 [shard 0:main] timestar.wal - WALFileManager::init starting for shard 0
INFO  2026-09-11 22:05:13,285 [shard 0:main] timestar.wal - WAL file manager initialization complete for shard 0
INFO  2026-09-11 22:05:13,293 [shard 0:main] timestar.engine - [SHARD 0] Repaired day bitmaps: 3 series/day memberships restored across days [20676, 20707] from 2 series in 8 ms
INFO  2026-09-11 22:05:13,293 [shard 0:main] timestar.engine - [ENGINE_STOP] Starting shutdown on shard 0
INFO  2026-09-11 22:05:13,293 [shard 0:main] timestar.engine - [ENGINE_STOP] Closing insert gate (0 in-flight) on shard 0
INFO  2026-09-11 22:05:13,293 [shard 0:main] timestar.engine - [ENGINE_STOP] Insert gate closed (0ms) on shard 0
INFO  2026-09-11 22:05:13,293 [shard 0:main] timestar.engine - [ENGINE_STOP] Streaming gate closed (0ms) on shard 0
INFO  2026-09-11 22:05:13,293 [shard 0:main] timestar.engine - [ENGINE_STOP] Retention drained (0ms) on shard 0
INFO  2026-09-11 22:05:13,293 [shard 0:main] timestar.engine - [ENGINE_STOP] Compaction loop stopped (0ms) on shard 0
INFO  2026-09-11 22:05:13,293 [shard 0:main] timestar.tsm - TSMFileManager stopped on shard 0
INFO  2026-09-11 22:05:13,293 [shard 0:main] timestar.engine - [ENGINE_STOP] TSM files closed (0ms) on shard 0
INFO  2026-09-11 22:05:13,293 [shard 0:main] timestar.wal - [WAL_CLOSE] Starting WAL file manager close on shard 0
INFO  2026-09-11 22:05:13,293 [shard 0:main] timestar.wal - [WAL_CLOSE] Draining 0 background TSM conversions on shard 0
INFO  2026-09-11 22:05:13,293 [shard 0:main] timestar.wal - [WAL_CLOSE] Background TSM conversions drained on shard 0
INFO  2026-09-11 22:05:13,293 [shard 0:main] timestar.wal - [WAL_CLOSE] Closing empty memory store 0 on shard 0
INFO  2026-09-11 22:05:13,297 [shard 0:main] timestar.wal - [WAL_CLOSE] WAL file manager closed on shard 0
INFO  2026-09-11 22:05:13,297 [shard 0:main] timestar.engine - [ENGINE_STOP] WAL closed (3ms) on shard 0
INFO  2026-09-11 22:05:13,300 [shard 0:main] timestar.native_index - Flushing immutable MemTable: 7 entries, 722 approx bytes
INFO  2026-09-11 22:05:13,300 [shard 0:main] timestar.native_index - SSTable write starting for file 2
INFO  2026-09-11 22:05:13,305 [shard 0:main] timestar.native_index - SSTable write complete: 7 entries, 242 bytes
INFO  2026-09-11 22:05:13,334 [shard 0:main] timestar.native_index - NativeIndex closed on shard 0
INFO  2026-09-11 22:05:13,334 [shard 0:main] timestar.engine - [ENGINE_STOP] Index closed (40ms) on shard 0
INFO  2026-09-11 22:05:13,334 [shard 0:main] timestar.engine - [ENGINE_STOP] Shutdown complete (40ms) on shard 0
[       OK ] DayBitmapRecoveryTest.InitRepairsBackfilledDaysBelowTheWatermark (130 ms)
[ RUN      ] DayBitmapRecoveryTest.CleanShutdownSkipsTheRepairAndUncleanDoesNot
INFO  2026-09-11 22:05:13,374 [shard 0:main] timestar.native_index - NativeIndex opened at: /home/matt/Desktop/source/tsdb/build/allocator-crash-probes/shard_0/native_index (0 SSTables, 2 MemTable entries, 0 local IDs)
INFO  2026-09-11 22:05:13,374 [shard 0:main] timestar.tsm - TSMFileManager init. shardId=0
INFO  2026-09-11 22:05:13,374 [shard 0:main] timestar.wal - WALFileManager::init starting for shard 0
INFO  2026-09-11 22:05:13,374 [shard 0:main] timestar.wal - WAL file manager initialization complete for shard 0
INFO  2026-09-11 22:05:13,386 [shard 0:main] timestar.engine - [ENGINE_STOP] Starting shutdown on shard 0
INFO  2026-09-11 22:05:13,386 [shard 0:main] timestar.engine - [ENGINE_STOP] Closing insert gate (0 in-flight) on shard 0
INFO  2026-09-11 22:05:13,386 [shard 0:main] timestar.engine - [ENGINE_STOP] Insert gate closed (0ms) on shard 0
INFO  2026-09-11 22:05:13,386 [shard 0:main] timestar.engine - [ENGINE_STOP] Streaming gate closed (0ms) on shard 0
INFO  2026-09-11 22:05:13,386 [shard 0:main] timestar.engine - [ENGINE_STOP] Retention drained (0ms) on shard 0
INFO  2026-09-11 22:05:13,386 [shard 0:main] timestar.engine - [ENGINE_STOP] Compaction loop stopped (0ms) on shard 0
INFO  2026-09-11 22:05:13,386 [shard 0:main] timestar.tsm - TSMFileManager stopped on shard 0
INFO  2026-09-11 22:05:13,386 [shard 0:main] timestar.engine - [ENGINE_STOP] TSM files closed (0ms) on shard 0
INFO  2026-09-11 22:05:13,386 [shard 0:main] timestar.wal - [WAL_CLOSE] Starting WAL file manager close on shard 0
INFO  2026-09-11 22:05:13,386 [shard 0:main] timestar.wal - [WAL_CLOSE] Draining 0 background TSM conversions on shard 0
INFO  2026-09-11 22:05:13,386 [shard 0:main] timestar.wal - [WAL_CLOSE] Background TSM conversions drained on shard 0
INFO  2026-09-11 22:05:13,386 [shard 0:main] timestar.wal - [WAL_CLOSE] Flushing memory store 0 to TSM on shard 0
INFO  2026-09-11 22:05:13,390 [shard 0:main] timestar.wal - [CONVERT_WAL_TO_TSM] Starting conversion of WAL 0 to TSM on shard 0
INFO  2026-09-11 22:05:13,396 [shard 0:main] timestar.tsm - Loaded sparse index for shard_0/tsm/0_0.tsm (tier 0): 1 series, bloom filter: 64 bytes
INFO  2026-09-11 22:05:13,396 [shard 0:main] timestar.wal - Successfully converted WAL 0 to TSM on shard 0 | 4096 -> 171 bytes (95.8% reclaimed)
INFO  2026-09-11 22:05:13,396 [shard 0:main] timestar.wal - [WAL_CLOSE] Successfully flushed store 0 to TSM on shard 0
INFO  2026-09-11 22:05:13,396 [shard 0:main] timestar.wal - [WAL_CLOSE] WAL file manager closed on shard 0
INFO  2026-09-11 22:05:13,396 [shard 0:main] timestar.engine - [ENGINE_STOP] WAL closed (9ms) on shard 0
INFO  2026-09-11 22:05:13,401 [shard 0:main] timestar.native_index - Flushing immutable MemTable: 17 entries, 18161 approx bytes
INFO  2026-09-11 22:05:13,401 [shard 0:main] timestar.native_index - SSTable write starting for file 1
INFO  2026-09-11 22:05:13,404 [shard 0:main] timestar.native_index - SSTable write complete: 17 entries, 509 bytes
INFO  2026-09-11 22:05:13,424 [shard 0:main] timestar.native_index - NativeIndex closed on shard 0
INFO  2026-09-11 22:05:13,424 [shard 0:main] timestar.engine - [ENGINE_STOP] Index closed (37ms) on shard 0
INFO  2026-09-11 22:05:13,424 [shard 0:main] timestar.engine - [ENGINE_STOP] Shutdown complete (37ms) on shard 0
INFO  2026-09-11 22:05:13,427 [shard 0:main] timestar.native_index - Replayed 1 WAL records into MemTable
INFO  2026-09-11 22:05:13,428 [shard 0:main] timestar.native_index - Flushing immutable MemTable: 1 entries, 82 approx bytes
INFO  2026-09-11 22:05:13,428 [shard 0:main] timestar.native_index - SSTable write starting for file 2
INFO  2026-09-11 22:05:13,430 [shard 0:main] timestar.native_index - SSTable write complete: 1 entries, 128 bytes
INFO  2026-09-11 22:05:13,437 [shard 0:main] timestar.native_index - Recovered MemTable flushed to SSTable before WAL reuse
INFO  2026-09-11 22:05:13,443 [shard 0:main] timestar.native_index - Restored LocalIdMap: 1 mappings
INFO  2026-09-11 22:05:13,443 [shard 0:main] timestar.native_index - Rebuilt blooms for 1 measurements
INFO  2026-09-11 22:05:13,443 [shard 0:main] timestar.native_index - NativeIndex opened at: /home/matt/Desktop/source/tsdb/build/allocator-crash-probes/shard_0/native_index (2 SSTables, 2 MemTable entries, 1 local IDs)
INFO  2026-09-11 22:05:13,443 [shard 0:main] timestar.tsm - TSMFileManager init. shardId=0
INFO  2026-09-11 22:05:13,443 [shard 0:main] timestar.tsm - Loaded sparse index for /home/matt/Desktop/source/tsdb/build/allocator-crash-probes/shard_0/tsm/0_0.tsm (tier 0): 1 series, bloom filter: 64 bytes
INFO  2026-09-11 22:05:13,443 [shard 0:main] timestar.wal - WALFileManager::init starting for shard 0
INFO  2026-09-11 22:05:13,443 [shard 0:main] timestar.wal - WAL file manager initialization complete for shard 0
INFO  2026-09-11 22:05:13,443 [shard 0:main] timestar.engine - [ENGINE_STOP] Starting shutdown on shard 0
INFO  2026-09-11 22:05:13,443 [shard 0:main] timestar.engine - [ENGINE_STOP] Closing insert gate (0 in-flight) on shard 0
INFO  2026-09-11 22:05:13,443 [shard 0:main] timestar.engine - [ENGINE_STOP] Insert gate closed (0ms) on shard 0
INFO  2026-09-11 22:05:13,443 [shard 0:main] timestar.engine - [ENGINE_STOP] Streaming gate closed (0ms) on shard 0
INFO  2026-09-11 22:05:13,443 [shard 0:main] timestar.engine - [ENGINE_STOP] Retention drained (0ms) on shard 0
INFO  2026-09-11 22:05:13,443 [shard 0:main] timestar.engine - [ENGINE_STOP] Compaction loop stopped (0ms) on shard 0
INFO  2026-09-11 22:05:13,443 [shard 0:main] timestar.tsm - TSMFileManager stopped on shard 0
INFO  2026-09-11 22:05:13,443 [shard 0:main] timestar.engine - [ENGINE_STOP] TSM files closed (0ms) on shard 0
INFO  2026-09-11 22:05:13,443 [shard 0:main] timestar.wal - [WAL_CLOSE] Starting WAL file manager close on shard 0
INFO  2026-09-11 22:05:13,443 [shard 0:main] timestar.wal - [WAL_CLOSE] Draining 0 background TSM conversions on shard 0
INFO  2026-09-11 22:05:13,443 [shard 0:main] timestar.wal - [WAL_CLOSE] Background TSM conversions drained on shard 0
INFO  2026-09-11 22:05:13,443 [shard 0:main] timestar.wal - [WAL_CLOSE] Closing empty memory store 0 on shard 0
INFO  2026-09-11 22:05:13,448 [shard 0:main] timestar.wal - [WAL_CLOSE] WAL file manager closed on shard 0
INFO  2026-09-11 22:05:13,448 [shard 0:main] timestar.engine - [ENGINE_STOP] WAL closed (4ms) on shard 0
INFO  2026-09-11 22:05:13,451 [shard 0:main] timestar.native_index - Flushing immutable MemTable: 4 entries, 360 approx bytes
INFO  2026-09-11 22:05:13,451 [shard 0:main] timestar.native_index - SSTable write starting for file 3
INFO  2026-09-11 22:05:13,454 [shard 0:main] timestar.native_index - SSTable write complete: 4 entries, 176 bytes
INFO  2026-09-11 22:05:13,468 [shard 0:main] timestar.native_index - NativeIndex closed on shard 0
INFO  2026-09-11 22:05:13,468 [shard 0:main] timestar.engine - [ENGINE_STOP] Index closed (24ms) on shard 0
INFO  2026-09-11 22:05:13,468 [shard 0:main] timestar.engine - [ENGINE_STOP] Shutdown complete (24ms) on shard 0
INFO  2026-09-11 22:05:13,472 [shard 0:main] timestar.native_index - Restored LocalIdMap: 1 mappings
INFO  2026-09-11 22:05:13,472 [shard 0:main] timestar.native_index - Rebuilt blooms for 1 measurements
INFO  2026-09-11 22:05:13,472 [shard 0:main] timestar.native_index - NativeIndex opened at: /home/matt/Desktop/source/tsdb/build/allocator-crash-probes/shard_0/native_index (3 SSTables, 1 MemTable entries, 1 local IDs)
INFO  2026-09-11 22:05:13,472 [shard 0:main] timestar.tsm - TSMFileManager init. shardId=0
INFO  2026-09-11 22:05:13,472 [shard 0:main] timestar.tsm - Loaded sparse index for /home/matt/Desktop/source/tsdb/build/allocator-crash-probes/shard_0/tsm/0_0.tsm (tier 0): 1 series, bloom filter: 64 bytes
INFO  2026-09-11 22:05:13,472 [shard 0:main] timestar.wal - WALFileManager::init starting for shard 0
INFO  2026-09-11 22:05:13,472 [shard 0:main] timestar.wal - WAL file manager initialization complete for shard 0
INFO  2026-09-11 22:05:13,481 [shard 0:main] timestar.engine - [ENGINE_STOP] Starting shutdown on shard 0
INFO  2026-09-11 22:05:13,481 [shard 0:main] timestar.engine - [ENGINE_STOP] Closing insert gate (0 in-flight) on shard 0
INFO  2026-09-11 22:05:13,481 [shard 0:main] timestar.engine - [ENGINE_STOP] Insert gate closed (0ms) on shard 0
INFO  2026-09-11 22:05:13,481 [shard 0:main] timestar.engine - [ENGINE_STOP] Streaming gate closed (0ms) on shard 0
INFO  2026-09-11 22:05:13,481 [shard 0:main] timestar.engine - [ENGINE_STOP] Retention drained (0ms) on shard 0
INFO  2026-09-11 22:05:13,481 [shard 0:main] timestar.engine - [ENGINE_STOP] Compaction loop stopped (0ms) on shard 0
INFO  2026-09-11 22:05:13,481 [shard 0:main] timestar.tsm - TSMFileManager stopped on shard 0
INFO  2026-09-11 22:05:13,481 [shard 0:main] timestar.engine - [ENGINE_STOP] TSM files closed (0ms) on shard 0
INFO  2026-09-11 22:05:13,481 [shard 0:main] timestar.wal - [WAL_CLOSE] Starting WAL file manager close on shard 0
INFO  2026-09-11 22:05:13,481 [shard 0:main] timestar.wal - [WAL_CLOSE] Draining 0 background TSM conversions on shard 0
INFO  2026-09-11 22:05:13,481 [shard 0:main] timestar.wal - [WAL_CLOSE] Background TSM conversions drained on shard 0
INFO  2026-09-11 22:05:13,481 [shard 0:main] timestar.wal - [WAL_CLOSE] Closing empty memory store 0 on shard 0
INFO  2026-09-11 22:05:13,484 [shard 0:main] timestar.wal - [WAL_CLOSE] WAL file manager closed on shard 0
INFO  2026-09-11 22:05:13,484 [shard 0:main] timestar.engine - [ENGINE_STOP] WAL closed (3ms) on shard 0
INFO  2026-09-11 22:05:13,487 [shard 0:main] timestar.native_index - Flushing immutable MemTable: 4 entries, 368 approx bytes
INFO  2026-09-11 22:05:13,487 [shard 0:main] timestar.native_index - SSTable write starting for file 4
INFO  2026-09-11 22:05:13,490 [shard 0:main] timestar.native_index - SSTable write complete: 4 entries, 183 bytes
INFO  2026-09-11 22:05:13,503 [shard 0:main] timestar.compaction - Compaction L0 -> L1: merged 4 files, 18 keys written, 0 tombstones dropped, 16803 bytes
INFO  2026-09-11 22:05:13,517 [shard 0:main] timestar.native_index - NativeIndex closed on shard 0
INFO  2026-09-11 22:05:13,517 [shard 0:main] timestar.engine - [ENGINE_STOP] Index closed (36ms) on shard 0
INFO  2026-09-11 22:05:13,517 [shard 0:main] timestar.engine - [ENGINE_STOP] Shutdown complete (36ms) on shard 0
[       OK ] DayBitmapRecoveryTest.CleanShutdownSkipsTheRepairAndUncleanDoesNot (182 ms)
[ RUN      ] DayBitmapRecoveryTest.StaleRecorderGenerationMarkerRunsTheRepair
INFO  2026-09-11 22:05:13,532 [shard 0:main] timestar.native_index - NativeIndex opened at: /home/matt/Desktop/source/tsdb/build/allocator-crash-probes/shard_0/native_index (0 SSTables, 2 MemTable entries, 0 local IDs)
INFO  2026-09-11 22:05:13,532 [shard 0:main] timestar.tsm - TSMFileManager init. shardId=0
INFO  2026-09-11 22:05:13,532 [shard 0:main] timestar.wal - WALFileManager::init starting for shard 0
INFO  2026-09-11 22:05:13,532 [shard 0:main] timestar.wal - WAL file manager initialization complete for shard 0
INFO  2026-09-11 22:05:13,556 [shard 0:main] timestar.engine - [ENGINE_STOP] Starting shutdown on shard 0
INFO  2026-09-11 22:05:13,556 [shard 0:main] timestar.engine - [ENGINE_STOP] Closing insert gate (0 in-flight) on shard 0
INFO  2026-09-11 22:05:13,556 [shard 0:main] timestar.engine - [ENGINE_STOP] Insert gate closed (0ms) on shard 0
INFO  2026-09-11 22:05:13,556 [shard 0:main] timestar.engine - [ENGINE_STOP] Streaming gate closed (0ms) on shard 0
INFO  2026-09-11 22:05:13,556 [shard 0:main] timestar.engine - [ENGINE_STOP] Retention drained (0ms) on shard 0
INFO  2026-09-11 22:05:13,556 [shard 0:main] timestar.engine - [ENGINE_STOP] Compaction loop stopped (0ms) on shard 0
INFO  2026-09-11 22:05:13,556 [shard 0:main] timestar.tsm - TSMFileManager stopped on shard 0
INFO  2026-09-11 22:05:13,556 [shard 0:main] timestar.engine - [ENGINE_STOP] TSM files closed (0ms) on shard 0
INFO  2026-09-11 22:05:13,556 [shard 0:main] timestar.wal - [WAL_CLOSE] Starting WAL file manager close on shard 0
INFO  2026-09-11 22:05:13,556 [shard 0:main] timestar.wal - [WAL_CLOSE] Draining 0 background TSM conversions on shard 0
INFO  2026-09-11 22:05:13,556 [shard 0:main] timestar.wal - [WAL_CLOSE] Background TSM conversions drained on shard 0
INFO  2026-09-11 22:05:13,556 [shard 0:main] timestar.wal - [WAL_CLOSE] Flushing memory store 0 to TSM on shard 0
INFO  2026-09-11 22:05:13,560 [shard 0:main] timestar.wal - [CONVERT_WAL_TO_TSM] Starting conversion of WAL 0 to TSM on shard 0
INFO  2026-09-11 22:05:13,566 [shard 0:main] timestar.tsm - Loaded sparse index for shard_0/tsm/0_0.tsm (tier 0): 1 series, bloom filter: 64 bytes
INFO  2026-09-11 22:05:13,566 [shard 0:main] timestar.wal - Successfully converted WAL 0 to TSM on shard 0 | 12288 -> 195 bytes (98.4% reclaimed)
INFO  2026-09-11 22:05:13,566 [shard 0:main] timestar.wal - [WAL_CLOSE] Successfully flushed store 0 to TSM on shard 0
INFO  2026-09-11 22:05:13,566 [shard 0:main] timestar.wal - [WAL_CLOSE] WAL file manager closed on shard 0
INFO  2026-09-11 22:05:13,566 [shard 0:main] timestar.engine - [ENGINE_STOP] WAL closed (9ms) on shard 0
INFO  2026-09-11 22:05:13,572 [shard 0:main] timestar.native_index - Flushing immutable MemTable: 19 entries, 18361 approx bytes
INFO  2026-09-11 22:05:13,572 [shard 0:main] timestar.native_index - SSTable write starting for file 1
INFO  2026-09-11 22:05:13,575 [shard 0:main] timestar.native_index - SSTable write complete: 19 entries, 526 bytes
INFO  2026-09-11 22:05:13,595 [shard 0:main] timestar.native_index - NativeIndex closed on shard 0
INFO  2026-09-11 22:05:13,595 [shard 0:main] timestar.engine - [ENGINE_STOP] Index closed (38ms) on shard 0
INFO  2026-09-11 22:05:13,595 [shard 0:main] timestar.engine - [ENGINE_STOP] Shutdown complete (38ms) on shard 0
INFO  2026-09-11 22:05:13,598 [shard 0:main] timestar.native_index - Replayed 1 WAL records into MemTable
INFO  2026-09-11 22:05:13,599 [shard 0:main] timestar.native_index - Flushing immutable MemTable: 1 entries, 82 approx bytes
INFO  2026-09-11 22:05:13,599 [shard 0:main] timestar.native_index - SSTable write starting for file 2
INFO  2026-09-11 22:05:13,602 [shard 0:main] timestar.native_index - SSTable write complete: 1 entries, 128 bytes
INFO  2026-09-11 22:05:13,607 [shard 0:main] timestar.native_index - Recovered MemTable flushed to SSTable before WAL reuse
INFO  2026-09-11 22:05:13,613 [shard 0:main] timestar.native_index - Restored LocalIdMap: 1 mappings
INFO  2026-09-11 22:05:13,613 [shard 0:main] timestar.native_index - Rebuilt blooms for 1 measurements
INFO  2026-09-11 22:05:13,613 [shard 0:main] timestar.native_index - NativeIndex opened at: /home/matt/Desktop/source/tsdb/build/allocator-crash-probes/shard_0/native_index (2 SSTables, 2 MemTable entries, 1 local IDs)
INFO  2026-09-11 22:05:13,616 [shard 0:main] timestar.native_index - Flushing immutable MemTable: 2 entries, 191 approx bytes
INFO  2026-09-11 22:05:13,616 [shard 0:main] timestar.native_index - SSTable write starting for file 3
INFO  2026-09-11 22:05:13,620 [shard 0:main] timestar.native_index - SSTable write complete: 2 entries, 175 bytes
INFO  2026-09-11 22:05:13,633 [shard 0:main] timestar.native_index - NativeIndex closed on shard 0
INFO  2026-09-11 22:05:13,643 [shard 0:main] timestar.native_index - Restored LocalIdMap: 1 mappings
INFO  2026-09-11 22:05:13,643 [shard 0:main] timestar.native_index - Rebuilt blooms for 1 measurements
INFO  2026-09-11 22:05:13,643 [shard 0:main] timestar.native_index - NativeIndex opened at: /home/matt/Desktop/source/tsdb/build/allocator-crash-probes/shard_0/native_index (3 SSTables, 2 MemTable entries, 1 local IDs)
INFO  2026-09-11 22:05:13,643 [shard 0:main] timestar.tsm - TSMFileManager init. shardId=0
INFO  2026-09-11 22:05:13,643 [shard 0:main] timestar.tsm - Loaded sparse index for /home/matt/Desktop/source/tsdb/build/allocator-crash-probes/shard_0/tsm/0_0.tsm (tier 0): 1 series, bloom filter: 64 bytes
INFO  2026-09-11 22:05:13,643 [shard 0:main] timestar.wal - WALFileManager::init starting for shard 0
INFO  2026-09-11 22:05:13,643 [shard 0:main] timestar.wal - WAL file manager initialization complete for shard 0
INFO  2026-09-11 22:05:13,650 [shard 0:main] timestar.engine - [SHARD 0] Repaired day bitmaps: 2 series/day memberships restored across days [20675, 20706] from 1 series in 6 ms
INFO  2026-09-11 22:05:13,650 [shard 0:main] timestar.engine - [ENGINE_STOP] Starting shutdown on shard 0
INFO  2026-09-11 22:05:13,650 [shard 0:main] timestar.engine - [ENGINE_STOP] Closing insert gate (0 in-flight) on shard 0
INFO  2026-09-11 22:05:13,650 [shard 0:main] timestar.engine - [ENGINE_STOP] Insert gate closed (0ms) on shard 0
INFO  2026-09-11 22:05:13,650 [shard 0:main] timestar.engine - [ENGINE_STOP] Streaming gate closed (0ms) on shard 0
INFO  2026-09-11 22:05:13,650 [shard 0:main] timestar.engine - [ENGINE_STOP] Retention drained (0ms) on shard 0
INFO  2026-09-11 22:05:13,650 [shard 0:main] timestar.engine - [ENGINE_STOP] Compaction loop stopped (0ms) on shard 0
INFO  2026-09-11 22:05:13,650 [shard 0:main] timestar.tsm - TSMFileManager stopped on shard 0
INFO  2026-09-11 22:05:13,650 [shard 0:main] timestar.engine - [ENGINE_STOP] TSM files closed (0ms) on shard 0
INFO  2026-09-11 22:05:13,650 [shard 0:main] timestar.wal - [WAL_CLOSE] Starting WAL file manager close on shard 0
INFO  2026-09-11 22:05:13,650 [shard 0:main] timestar.wal - [WAL_CLOSE] Draining 0 background TSM conversions on shard 0
INFO  2026-09-11 22:05:13,650 [shard 0:main] timestar.wal - [WAL_CLOSE] Background TSM conversions drained on shard 0
INFO  2026-09-11 22:05:13,650 [shard 0:main] timestar.wal - [WAL_CLOSE] Closing empty memory store 0 on shard 0
INFO  2026-09-11 22:05:13,653 [shard 0:main] timestar.wal - [WAL_CLOSE] WAL file manager closed on shard 0
INFO  2026-09-11 22:05:13,653 [shard 0:main] timestar.engine - [ENGINE_STOP] WAL closed (3ms) on shard 0
INFO  2026-09-11 22:05:13,656 [shard 0:main] timestar.native_index - Flushing immutable MemTable: 8 entries, 770 approx bytes
INFO  2026-09-11 22:05:13,656 [shard 0:main] timestar.native_index - SSTable write starting for file 4
INFO  2026-09-11 22:05:13,659 [shard 0:main] timestar.native_index - SSTable write complete: 8 entries, 242 bytes
INFO  2026-09-11 22:05:13,672 [shard 0:main] timestar.compaction - Compaction L0 -> L1: merged 4 files, 20 keys written, 0 tombstones dropped, 16879 bytes
INFO  2026-09-11 22:05:13,686 [shard 0:main] timestar.native_index - NativeIndex closed on shard 0
INFO  2026-09-11 22:05:13,686 [shard 0:main] timestar.engine - [ENGINE_STOP] Index closed (36ms) on shard 0
INFO  2026-09-11 22:05:13,686 [shard 0:main] timestar.engine - [ENGINE_STOP] Shutdown complete (36ms) on shard 0
[       OK ] DayBitmapRecoveryTest.StaleRecorderGenerationMarkerRunsTheRepair (169 ms)
[----------] 7 tests from DayBitmapRecoveryTest (1038 ms total)

[----------] 1 test from DiscoveryConsistencyTest
[ RUN      ] DiscoveryConsistencyTest.StaleBloomCannotHideSeriesFromScopedLookup
INFO  2026-09-11 22:05:13,702 [shard 0:main] timestar.native_index - NativeIndex opened at: /home/matt/Desktop/source/tsdb/build/allocator-crash-probes/shard_0/native_index (0 SSTables, 2 MemTable entries, 0 local IDs)
INFO  2026-09-11 22:05:13,707 [shard 0:main] timestar.native_index - Flushing immutable MemTable: 32 entries, 19862 approx bytes
INFO  2026-09-11 22:05:13,707 [shard 0:main] timestar.native_index - SSTable write starting for file 1
INFO  2026-09-11 22:05:13,710 [shard 0:main] timestar.native_index - SSTable write complete: 32 entries, 669 bytes
INFO  2026-09-11 22:05:13,730 [shard 0:main] timestar.native_index - NativeIndex closed on shard 0
INFO  2026-09-11 22:05:13,734 [shard 0:main] timestar.native_index - Replayed 1 WAL records into MemTable
INFO  2026-09-11 22:05:13,734 [shard 0:main] timestar.native_index - Flushing immutable MemTable: 1 entries, 82 approx bytes
INFO  2026-09-11 22:05:13,734 [shard 0:main] timestar.native_index - SSTable write starting for file 2
INFO  2026-09-11 22:05:13,737 [shard 0:main] timestar.native_index - SSTable write complete: 1 entries, 128 bytes
INFO  2026-09-11 22:05:13,742 [shard 0:main] timestar.native_index - Recovered MemTable flushed to SSTable before WAL reuse
INFO  2026-09-11 22:05:13,749 [shard 0:main] timestar.native_index - Restored LocalIdMap: 5 mappings
INFO  2026-09-11 22:05:13,749 [shard 0:main] timestar.native_index - Rebuilt blooms for 1 measurements
INFO  2026-09-11 22:05:13,749 [shard 0:main] timestar.native_index - NativeIndex opened at: /home/matt/Desktop/source/tsdb/build/allocator-crash-probes/shard_0/native_index (2 SSTables, 2 MemTable entries, 5 local IDs)
INFO  2026-09-11 22:05:13,752 [shard 0:main] timestar.native_index - Flushing immutable MemTable: 4 entries, 356 approx bytes
INFO  2026-09-11 22:05:13,752 [shard 0:main] timestar.native_index - SSTable write starting for file 3
INFO  2026-09-11 22:05:13,755 [shard 0:main] timestar.native_index - SSTable write complete: 4 entries, 172 bytes
INFO  2026-09-11 22:05:13,774 [shard 0:main] timestar.native_index - NativeIndex closed on shard 0
INFO  2026-09-11 22:05:13,778 [shard 0:main] timestar.native_index - Replayed 1 WAL records into MemTable
INFO  2026-09-11 22:05:13,778 [shard 0:main] timestar.native_index - Flushing immutable MemTable: 1 entries, 82 approx bytes
INFO  2026-09-11 22:05:13,778 [shard 0:main] timestar.native_index - SSTable write starting for file 4
INFO  2026-09-11 22:05:13,781 [shard 0:main] timestar.native_index - SSTable write complete: 1 entries, 128 bytes
INFO  2026-09-11 22:05:13,794 [shard 0:main] timestar.compaction - Compaction L0 -> L1: merged 4 files, 33 keys written, 0 tombstones dropped, 17304 bytes
INFO  2026-09-11 22:05:13,794 [shard 0:main] timestar.native_index - Recovered MemTable flushed to SSTable before WAL reuse
INFO  2026-09-11 22:05:13,801 [shard 0:main] timestar.native_index - Restored LocalIdMap: 5 mappings
INFO  2026-09-11 22:05:13,801 [shard 0:main] timestar.native_index - Rebuilt blooms for 1 measurements
INFO  2026-09-11 22:05:13,801 [shard 0:main] timestar.native_index - NativeIndex opened at: /home/matt/Desktop/source/tsdb/build/allocator-crash-probes/shard_0/native_index (1 SSTables, 2 MemTable entries, 5 local IDs)
INFO  2026-09-11 22:05:13,804 [shard 0:main] timestar.native_index - Flushing immutable MemTable: 4 entries, 356 approx bytes
INFO  2026-09-11 22:05:13,804 [shard 0:main] timestar.native_index - SSTable write starting for file 6
INFO  2026-09-11 22:05:13,807 [shard 0:main] timestar.native_index - SSTable write complete: 4 entries, 172 bytes
INFO  2026-09-11 22:05:13,826 [shard 0:main] timestar.native_index - NativeIndex closed on shard 0
[       OK ] DiscoveryConsistencyTest.StaleBloomCannotHideSeriesFromScopedLookup (140 ms)
[----------] 1 test from DiscoveryConsistencyTest (140 ms total)

[----------] 2 tests from NativeIndexFaultInjectionTest
[ RUN      ] NativeIndexFaultInjectionTest.TornWalTailStillRecoversAckedSeries
INFO  2026-09-11 22:05:13,841 [shard 0:main] timestar.native_index - NativeIndex opened at: /home/matt/Desktop/source/tsdb/build/allocator-crash-probes/shard_0/native_index (0 SSTables, 2 MemTable entries, 0 local IDs)
WARN  2026-09-11 22:05:13,844 [shard 0:main] timestar.index_wal - WAL replay of /home/matt/Desktop/source/tsdb/build/allocator-crash-probes/shard_0/native_index/wal/idx_000000.wal stopped with 18 of 496 bytes unconsumed (4 records replayed) — torn tail or corrupt record, remaining bytes discarded
INFO  2026-09-11 22:05:13,844 [shard 0:main] timestar.native_index - Replayed 4 WAL records into MemTable
INFO  2026-09-11 22:05:13,844 [shard 0:main] timestar.native_index - Flushing immutable MemTable: 13 entries, 1275 approx bytes
INFO  2026-09-11 22:05:13,844 [shard 0:main] timestar.native_index - SSTable write starting for file 1
INFO  2026-09-11 22:05:13,848 [shard 0:main] timestar.native_index - SSTable write complete: 13 entries, 302 bytes
INFO  2026-09-11 22:05:13,854 [shard 0:main] timestar.native_index - Recovered MemTable flushed to SSTable before WAL reuse
INFO  2026-09-11 22:05:13,855 [shard 0:main] timestar.native_index - Restored LocalIdMap: 2 mappings
INFO  2026-09-11 22:05:13,855 [shard 0:main] timestar.native_index - Repaired postings for 2 series in crash window [0, 2)
INFO  2026-09-11 22:05:13,855 [shard 0:main] timestar.native_index - Rebuilt blooms for 1 measurements
INFO  2026-09-11 22:05:13,855 [shard 0:main] timestar.native_index - NativeIndex opened at: /home/matt/Desktop/source/tsdb/build/allocator-crash-probes/shard_0/native_index (1 SSTables, 1 MemTable entries, 2 local IDs)
INFO  2026-09-11 22:05:13,863 [shard 0:main] timestar.native_index - Flushing immutable MemTable: 11 entries, 17501 approx bytes
INFO  2026-09-11 22:05:13,863 [shard 0:main] timestar.native_index - SSTable write starting for file 2
INFO  2026-09-11 22:05:13,866 [shard 0:main] timestar.native_index - SSTable write complete: 11 entries, 396 bytes
INFO  2026-09-11 22:05:13,885 [shard 0:main] timestar.native_index - NativeIndex closed on shard 0
INFO  2026-09-11 22:05:13,889 [shard 0:main] timestar.native_index - Replayed 1 WAL records into MemTable
INFO  2026-09-11 22:05:13,889 [shard 0:main] timestar.native_index - Flushing immutable MemTable: 1 entries, 82 approx bytes
INFO  2026-09-11 22:05:13,889 [shard 0:main] timestar.native_index - SSTable write starting for file 3
INFO  2026-09-11 22:05:13,892 [shard 0:main] timestar.native_index - SSTable write complete: 1 entries, 128 bytes
INFO  2026-09-11 22:05:13,899 [shard 0:main] timestar.native_index - Recovered MemTable flushed to SSTable before WAL reuse
INFO  2026-09-11 22:05:13,905 [shard 0:main] timestar.native_index - Restored LocalIdMap: 3 mappings
INFO  2026-09-11 22:05:13,905 [shard 0:main] timestar.native_index - Rebuilt blooms for 1 measurements
INFO  2026-09-11 22:05:13,905 [shard 0:main] timestar.native_index - NativeIndex opened at: /home/matt/Desktop/source/tsdb/build/allocator-crash-probes/shard_0/native_index (3 SSTables, 2 MemTable entries, 3 local IDs)
INFO  2026-09-11 22:05:13,907 [shard 0:main] timestar.native_index - Flushing immutable MemTable: 2 entries, 183 approx bytes
INFO  2026-09-11 22:05:13,907 [shard 0:main] timestar.native_index - SSTable write starting for file 4
INFO  2026-09-11 22:05:13,910 [shard 0:main] timestar.native_index - SSTable write complete: 2 entries, 161 bytes
INFO  2026-09-11 22:05:13,923 [shard 0:main] timestar.compaction - Compaction L0 -> L1: merged 4 files, 23 keys written, 0 tombstones dropped, 16848 bytes
INFO  2026-09-11 22:05:13,936 [shard 0:main] timestar.native_index - NativeIndex closed on shard 0
[       OK ] NativeIndexFaultInjectionTest.TornWalTailStillRecoversAckedSeries (110 ms)
[ RUN      ] NativeIndexFaultInjectionTest.OrphanPartialSSTableIgnoredAndAckedDataRecovered
INFO  2026-09-11 22:05:13,952 [shard 0:main] timestar.native_index - NativeIndex opened at: /home/matt/Desktop/source/tsdb/build/allocator-crash-probes/shard_0/native_index (0 SSTables, 2 MemTable entries, 0 local IDs)
INFO  2026-09-11 22:05:13,956 [shard 0:main] timestar.native_index - Replayed 4 WAL records into MemTable
INFO  2026-09-11 22:05:13,956 [shard 0:main] timestar.native_index - Flushing immutable MemTable: 13 entries, 1283 approx bytes
INFO  2026-09-11 22:05:13,956 [shard 0:main] timestar.native_index - SSTable write starting for file 1
INFO  2026-09-11 22:05:13,959 [shard 0:main] timestar.native_index - SSTable write complete: 13 entries, 303 bytes
INFO  2026-09-11 22:05:13,965 [shard 0:main] timestar.native_index - Recovered MemTable flushed to SSTable before WAL reuse
INFO  2026-09-11 22:05:13,965 [shard 0:main] timestar.native_index - Restored LocalIdMap: 2 mappings
INFO  2026-09-11 22:05:13,965 [shard 0:main] timestar.native_index - Repaired postings for 2 series in crash window [0, 2)
INFO  2026-09-11 22:05:13,965 [shard 0:main] timestar.native_index - Rebuilt blooms for 1 measurements
INFO  2026-09-11 22:05:13,965 [shard 0:main] timestar.native_index - NativeIndex opened at: /home/matt/Desktop/source/tsdb/build/allocator-crash-probes/shard_0/native_index (1 SSTables, 1 MemTable entries, 2 local IDs)
INFO  2026-09-11 22:05:13,970 [shard 0:main] timestar.native_index - Flushing immutable MemTable: 5 entries, 501 approx bytes
INFO  2026-09-11 22:05:13,971 [shard 0:main] timestar.native_index - SSTable write starting for file 2
INFO  2026-09-11 22:05:13,974 [shard 0:main] timestar.native_index - SSTable write complete: 5 entries, 203 bytes
INFO  2026-09-11 22:05:13,993 [shard 0:main] timestar.native_index - NativeIndex closed on shard 0
INFO  2026-09-11 22:05:13,997 [shard 0:main] timestar.native_index - Replayed 1 WAL records into MemTable
INFO  2026-09-11 22:05:13,997 [shard 0:main] timestar.native_index - Flushing immutable MemTable: 1 entries, 82 approx bytes
INFO  2026-09-11 22:05:13,997 [shard 0:main] timestar.native_index - SSTable write starting for file 3
INFO  2026-09-11 22:05:14,001 [shard 0:main] timestar.native_index - SSTable write complete: 1 entries, 128 bytes
INFO  2026-09-11 22:05:14,007 [shard 0:main] timestar.native_index - Recovered MemTable flushed to SSTable before WAL reuse
INFO  2026-09-11 22:05:14,012 [shard 0:main] timestar.native_index - Restored LocalIdMap: 2 mappings
INFO  2026-09-11 22:05:14,012 [shard 0:main] timestar.native_index - Rebuilt blooms for 1 measurements
INFO  2026-09-11 22:05:14,012 [shard 0:main] timestar.native_index - NativeIndex opened at: /home/matt/Desktop/source/tsdb/build/allocator-crash-probes/shard_0/native_index (3 SSTables, 2 MemTable entries, 2 local IDs)
INFO  2026-09-11 22:05:14,015 [shard 0:main] timestar.native_index - Flushing immutable MemTable: 2 entries, 184 approx bytes
INFO  2026-09-11 22:05:14,015 [shard 0:main] timestar.native_index - SSTable write starting for file 4
INFO  2026-09-11 22:05:14,018 [shard 0:main] timestar.native_index - SSTable write complete: 2 entries, 163 bytes
INFO  2026-09-11 22:05:14,031 [shard 0:main] timestar.compaction - Compaction L0 -> L1: merged 4 files, 17 keys written, 0 tombstones dropped, 336 bytes
INFO  2026-09-11 22:05:14,045 [shard 0:main] timestar.native_index - NativeIndex closed on shard 0
[       OK ] NativeIndexFaultInjectionTest.OrphanPartialSSTableIgnoredAndAckedDataRecovered (108 ms)
[----------] 2 tests from NativeIndexFaultInjectionTest (218 ms total)

[----------] 3 tests from IndexRecoveryRegressionTest
[ RUN      ] IndexRecoveryRegressionTest.IndexSyncWaitsForInflightBitmapFlushEvenWithNoDirtyKeys
INFO  2026-09-11 22:05:14,060 [shard 0:main] timestar.native_index - NativeIndex opened at: /home/matt/Desktop/source/tsdb/build/allocator-crash-probes/shard_0/native_index (0 SSTables, 2 MemTable entries, 0 local IDs)
INFO  2026-09-11 22:05:14,063 [shard 0:main] timestar.native_index - Flushing immutable MemTable: 2 entries, 167 approx bytes
INFO  2026-09-11 22:05:14,063 [shard 0:main] timestar.native_index - SSTable write starting for file 1
INFO  2026-09-11 22:05:14,066 [shard 0:main] timestar.native_index - SSTable write complete: 2 entries, 136 bytes
INFO  2026-09-11 22:05:14,086 [shard 0:main] timestar.native_index - NativeIndex closed on shard 0
[       OK ] IndexRecoveryRegressionTest.IndexSyncWaitsForInflightBitmapFlushEvenWithNoDirtyKeys (41 ms)
[ RUN      ] IndexRecoveryRegressionTest.LoadingPostingsMustNotAdvanceRepairWatermarkPastSkippedIds
INFO  2026-09-11 22:05:14,101 [shard 0:main] timestar.native_index - NativeIndex opened at: /home/matt/Desktop/source/tsdb/build/allocator-crash-probes/shard_0/native_index (0 SSTables, 2 MemTable entries, 0 local IDs)
INFO  2026-09-11 22:05:14,107 [shard 0:main] timestar.native_index - Flushing immutable MemTable: 12 entries, 17513 approx bytes
INFO  2026-09-11 22:05:14,107 [shard 0:main] timestar.native_index - SSTable write starting for file 1
INFO  2026-09-11 22:05:14,110 [shard 0:main] timestar.native_index - SSTable write complete: 12 entries, 344 bytes
INFO  2026-09-11 22:05:14,125 [shard 0:main] timestar.native_index - Flushing immutable MemTable: 8 entries, 17140 approx bytes
INFO  2026-09-11 22:05:14,125 [shard 0:main] timestar.native_index - SSTable write starting for file 2
INFO  2026-09-11 22:05:14,128 [shard 0:main] timestar.native_index - SSTable write complete: 8 entries, 303 bytes
INFO  2026-09-11 22:05:14,140 [shard 0:main] timestar.compaction - Compaction L0 -> L1: merged 2 files, 15 keys written, 0 tombstones dropped, 16633 bytes
INFO  2026-09-11 22:05:14,148 [shard 0:main] timestar.native_index - NativeIndex closed on shard 0
INFO  2026-09-11 22:05:14,152 [shard 0:main] timestar.native_index - Restored LocalIdMap: 2 mappings
INFO  2026-09-11 22:05:14,152 [shard 0:main] timestar.native_index - Repaired postings for 1 series in crash window [1, 2)
INFO  2026-09-11 22:05:14,152 [shard 0:main] timestar.native_index - Rebuilt blooms for 1 measurements
INFO  2026-09-11 22:05:14,152 [shard 0:main] timestar.native_index - NativeIndex opened at: /home/matt/Desktop/source/tsdb/build/allocator-crash-probes/shard_0/native_index (1 SSTables, 1 MemTable entries, 2 local IDs)
INFO  2026-09-11 22:05:14,158 [shard 0:main] timestar.native_index - Flushing immutable MemTable: 4 entries, 380 approx bytes
INFO  2026-09-11 22:05:14,158 [shard 0:main] timestar.native_index - SSTable write starting for file 4
INFO  2026-09-11 22:05:14,161 [shard 0:main] timestar.native_index - SSTable write complete: 4 entries, 182 bytes
INFO  2026-09-11 22:05:14,181 [shard 0:main] timestar.native_index - NativeIndex closed on shard 0
[       OK ] IndexRecoveryRegressionTest.LoadingPostingsMustNotAdvanceRepairWatermarkPastSkippedIds (94 ms)
[ RUN      ] IndexRecoveryRegressionTest.FailedBloomReadMustRestoreDirtyMembershipForRetry
INFO  2026-09-11 22:05:14,195 [shard 0:main] timestar.native_index - NativeIndex opened at: /home/matt/Desktop/source/tsdb/build/allocator-crash-probes/shard_0/native_index (0 SSTables, 2 MemTable entries, 0 local IDs)
INFO  2026-09-11 22:05:14,202 [shard 0:main] timestar.native_index - Flushing immutable MemTable: 14 entries, 17703 approx bytes
INFO  2026-09-11 22:05:14,202 [shard 0:main] timestar.native_index - SSTable write starting for file 1
INFO  2026-09-11 22:05:14,205 [shard 0:main] timestar.native_index - SSTable write complete: 14 entries, 366 bytes
INFO  2026-09-11 22:05:14,219 [shard 0:main] timestar.native_index - Flushing immutable MemTable: 10 entries, 17361 approx bytes
INFO  2026-09-11 22:05:14,219 [shard 0:main] timestar.native_index - SSTable write starting for file 2
INFO  2026-09-11 22:05:14,222 [shard 0:main] timestar.native_index - SSTable write complete: 10 entries, 334 bytes
INFO  2026-09-11 22:05:14,235 [shard 0:main] timestar.compaction - Compaction L0 -> L1: merged 2 files, 17 keys written, 0 tombstones dropped, 16667 bytes
INFO  2026-09-11 22:05:14,241 [shard 0:main] timestar.native_index - Flushing immutable MemTable: 2 entries, 170 approx bytes
INFO  2026-09-11 22:05:14,241 [shard 0:main] timestar.native_index - SSTable write starting for file 4
INFO  2026-09-11 22:05:14,244 [shard 0:main] timestar.native_index - SSTable write complete: 2 entries, 139 bytes
INFO  2026-09-11 22:05:14,263 [shard 0:main] timestar.native_index - NativeIndex closed on shard 0
INFO  2026-09-11 22:05:14,267 [shard 0:main] timestar.native_index - Replayed 1 WAL records into MemTable
INFO  2026-09-11 22:05:14,267 [shard 0:main] timestar.native_index - Flushing immutable MemTable: 1 entries, 82 approx bytes
INFO  2026-09-11 22:05:14,267 [shard 0:main] timestar.native_index - SSTable write starting for file 5
INFO  2026-09-11 22:05:14,270 [shard 0:main] timestar.native_index - SSTable write complete: 1 entries, 128 bytes
INFO  2026-09-11 22:05:14,277 [shard 0:main] timestar.native_index - Recovered MemTable flushed to SSTable before WAL reuse
INFO  2026-09-11 22:05:14,283 [shard 0:main] timestar.native_index - Restored LocalIdMap: 2 mappings
INFO  2026-09-11 22:05:14,283 [shard 0:main] timestar.native_index - Rebuilt blooms for 1 measurements
INFO  2026-09-11 22:05:14,283 [shard 0:main] timestar.native_index - NativeIndex opened at: /home/matt/Desktop/source/tsdb/build/allocator-crash-probes/shard_0/native_index (3 SSTables, 2 MemTable entries, 2 local IDs)
INFO  2026-09-11 22:05:14,286 [shard 0:main] timestar.native_index - Flushing immutable MemTable: 4 entries, 347 approx bytes
INFO  2026-09-11 22:05:14,286 [shard 0:main] timestar.native_index - SSTable write starting for file 6
INFO  2026-09-11 22:05:14,289 [shard 0:main] timestar.native_index - SSTable write complete: 4 entries, 163 bytes
INFO  2026-09-11 22:05:14,309 [shard 0:main] timestar.native_index - NativeIndex closed on shard 0
[       OK ] IndexRecoveryRegressionTest.FailedBloomReadMustRestoreDirtyMembershipForRetry (127 ms)
[----------] 3 tests from IndexRecoveryRegressionTest (264 ms total)

[----------] 1 test from IndexTransactionRecoveryTest
[ RUN      ] IndexTransactionRecoveryTest.RetriedCreationBelowCheckpointRepairsPostingsAfterRestart
INFO  2026-09-11 22:05:14,323 [shard 0:main] timestar.native_index - NativeIndex opened at: /home/matt/Desktop/source/tsdb/build/allocator-crash-probes/shard_0/native_index (0 SSTables, 2 MemTable entries, 0 local IDs)
INFO  2026-09-11 22:05:14,330 [shard 0:main] timestar.native_index - Flushing immutable MemTable: 13 entries, 17617 approx bytes
INFO  2026-09-11 22:05:14,330 [shard 0:main] timestar.native_index - SSTable write starting for file 1
INFO  2026-09-11 22:05:14,333 [shard 0:main] timestar.native_index - SSTable write complete: 13 entries, 381 bytes
INFO  2026-09-11 22:05:14,348 [shard 0:main] timestar.native_index - Flushing immutable MemTable: 6 entries, 577 approx bytes
INFO  2026-09-11 22:05:14,348 [shard 0:main] timestar.native_index - SSTable write starting for file 2
INFO  2026-09-11 22:05:14,351 [shard 0:main] timestar.native_index - SSTable write complete: 6 entries, 223 bytes
INFO  2026-09-11 22:05:14,364 [shard 0:main] timestar.native_index - NativeIndex closed on shard 0
INFO  2026-09-11 22:05:14,368 [shard 0:main] timestar.native_index - Restored LocalIdMap: 2 mappings
INFO  2026-09-11 22:05:14,368 [shard 0:main] timestar.native_index - Repaired postings for 1 series in crash window [1, 2)
INFO  2026-09-11 22:05:14,368 [shard 0:main] timestar.native_index - Rebuilt blooms for 1 measurements
INFO  2026-09-11 22:05:14,368 [shard 0:main] timestar.native_index - NativeIndex opened at: /home/matt/Desktop/source/tsdb/build/allocator-crash-probes/shard_0/native_index (2 SSTables, 1 MemTable entries, 2 local IDs)
INFO  2026-09-11 22:05:14,374 [shard 0:main] timestar.native_index - Flushing immutable MemTable: 4 entries, 377 approx bytes
INFO  2026-09-11 22:05:14,374 [shard 0:main] timestar.native_index - SSTable write starting for file 3
INFO  2026-09-11 22:05:14,378 [shard 0:main] timestar.native_index - SSTable write complete: 4 entries, 188 bytes
INFO  2026-09-11 22:05:14,397 [shard 0:main] timestar.native_index - NativeIndex closed on shard 0
[       OK ] IndexTransactionRecoveryTest.RetriedCreationBelowCheckpointRepairsPostingsAfterRestart (87 ms)
[----------] 1 test from IndexTransactionRecoveryTest (87 ms total)

[----------] 3 tests from NativeIndexAsyncTest
[ RUN      ] NativeIndexAsyncTest.BasicIndexOperations
INFO  2026-09-11 22:05:14,412 [shard 0:main] timestar.native_index - NativeIndex opened at: /home/matt/Desktop/source/tsdb/build/allocator-crash-probes/shard_0/native_index (0 SSTables, 2 MemTable entries, 0 local IDs)
INFO  2026-09-11 22:05:14,418 [shard 0:main] timestar.native_index - Flushing immutable MemTable: 19 entries, 18436 approx bytes
INFO  2026-09-11 22:05:14,418 [shard 0:main] timestar.native_index - SSTable write starting for file 1
INFO  2026-09-11 22:05:14,421 [shard 0:main] timestar.native_index - SSTable write complete: 19 entries, 538 bytes
INFO  2026-09-11 22:05:14,440 [shard 0:main] timestar.native_index - NativeIndex closed on shard 0
[       OK ] NativeIndexAsyncTest.BasicIndexOperations (43 ms)
[ RUN      ] NativeIndexAsyncTest.SeriesIdGeneration
INFO  2026-09-11 22:05:14,456 [shard 0:main] timestar.native_index - NativeIndex opened at: /home/matt/Desktop/source/tsdb/build/allocator-crash-probes/shard_0/native_index (0 SSTables, 2 MemTable entries, 0 local IDs)
INFO  2026-09-11 22:05:14,461 [shard 0:main] timestar.native_index - Flushing immutable MemTable: 27 entries, 19322 approx bytes
INFO  2026-09-11 22:05:14,461 [shard 0:main] timestar.native_index - SSTable write starting for file 1
INFO  2026-09-11 22:05:14,464 [shard 0:main] timestar.native_index - SSTable write complete: 27 entries, 645 bytes
INFO  2026-09-11 22:05:14,484 [shard 0:main] timestar.native_index - NativeIndex closed on shard 0
[       OK ] NativeIndexAsyncTest.SeriesIdGeneration (43 ms)
[ RUN      ] NativeIndexAsyncTest.Persistence
INFO  2026-09-11 22:05:14,499 [shard 0:main] timestar.native_index - NativeIndex opened at: /home/matt/Desktop/source/tsdb/build/allocator-crash-probes/shard_0/native_index (0 SSTables, 2 MemTable entries, 0 local IDs)
INFO  2026-09-11 22:05:14,505 [shard 0:main] timestar.native_index - Flushing immutable MemTable: 12 entries, 17660 approx bytes
INFO  2026-09-11 22:05:14,505 [shard 0:main] timestar.native_index - SSTable write starting for file 1
INFO  2026-09-11 22:05:14,508 [shard 0:main] timestar.native_index - SSTable write complete: 12 entries, 419 bytes
INFO  2026-09-11 22:05:14,528 [shard 0:main] timestar.native_index - NativeIndex closed on shard 0
INFO  2026-09-11 22:05:14,531 [shard 0:main] timestar.native_index - Replayed 1 WAL records into MemTable
INFO  2026-09-11 22:05:14,531 [shard 0:main] timestar.native_index - Flushing immutable MemTable: 1 entries, 82 approx bytes
INFO  2026-09-11 22:05:14,531 [shard 0:main] timestar.native_index - SSTable write starting for file 2
INFO  2026-09-11 22:05:14,534 [shard 0:main] timestar.native_index - SSTable write complete: 1 entries, 128 bytes
INFO  2026-09-11 22:05:14,540 [shard 0:main] timestar.native_index - Recovered MemTable flushed to SSTable before WAL reuse
INFO  2026-09-11 22:05:14,546 [shard 0:main] timestar.native_index - Restored LocalIdMap: 1 mappings
INFO  2026-09-11 22:05:14,546 [shard 0:main] timestar.native_index - Rebuilt blooms for 1 measurements
INFO  2026-09-11 22:05:14,546 [shard 0:main] timestar.native_index - NativeIndex opened at: /home/matt/Desktop/source/tsdb/build/allocator-crash-probes/shard_0/native_index (2 SSTables, 2 MemTable entries, 1 local IDs)
INFO  2026-09-11 22:05:14,549 [shard 0:main] timestar.native_index - Flushing immutable MemTable: 2 entries, 192 approx bytes
INFO  2026-09-11 22:05:14,549 [shard 0:main] timestar.native_index - SSTable write starting for file 3
INFO  2026-09-11 22:05:14,552 [shard 0:main] timestar.native_index - SSTable write complete: 2 entries, 179 bytes
INFO  2026-09-11 22:05:14,571 [shard 0:main] timestar.native_index - NativeIndex closed on shard 0
[       OK ] NativeIndexAsyncTest.Persistence (87 ms)
[----------] 3 tests from NativeIndexAsyncTest (174 ms total)

[----------] 1 test from NativeIndexBench
[ RUN      ] NativeIndexBench.FullBenchmark
INFO  2026-09-11 22:05:14,586 [shard 0:main] timestar.native_index - NativeIndex opened at: /home/matt/Desktop/source/tsdb/build/allocator-crash-probes/shard_0/native_index (0 SSTables, 2 MemTable entries, 0 local IDs)

╔══════════════════════════════════════════════════════════════════════╗
║  Native Index Benchmark: 10 meas x 500 hosts x 8 fields = 40000 series  ║
╚══════════════════════════════════════════════════════════════════════╝

── Phase 1: Bulk Insert (40000 series) ──
  Total: 0.180s  (221729 series/sec)
  getOrCreateSeriesId                           min=   0.002  avg=   0.004  p50=   0.003  p95=   0.006  p99=   0.010  max=   5.060 ms  (n=40000)

── Phase 2: Compaction ──
INFO  2026-09-11 22:05:14,779 [shard 0:main] timestar.native_index - Flushing immutable MemTable: 130223 entries, 16851732 approx bytes
INFO  2026-09-11 22:05:14,819 [shard 0:main] timestar.native_index - SSTable write starting for file 1
INFO  2026-09-11 22:05:14,824 [shard 0:main] timestar.native_index - SSTable write complete: 130223 entries, 2960174 bytes
  compact(): 74.421 ms

── Phase 3: Point Lookups (getSeriesMetadata, 5000 random) ──
  getSeriesMetadata (cold)                      min=   0.000  avg=   0.005  p50=   0.001  p95=   0.002  p99=   0.093  max=   0.135 ms  (n=5000)
  getSeriesMetadata (warm cache)                min=   0.000  avg=   0.000  p50=   0.000  p95=   0.001  p99=   0.001  max=   0.005 ms  (n=5000)

── Phase 4: Tag Scans (findSeriesByTag) ──
  findSeriesByTag (single host)                 min=   0.001  avg=   0.001  p50=   0.001  p95=   0.001  p99=   0.001  max=   0.006 ms  (n=10)
  findSeriesByTag (region, 2000 results)        min=   0.008  avg=   0.009  p50=   0.008  p95=   0.011  p99=   0.011  max=   0.012 ms  (n=10)

── Phase 4b: Multi-Tag Intersection (findSeries) ──
  findSeries (host+region, 8 results)           min=   0.001  avg=   0.001  p50=   0.001  p95=   0.002  p99=   0.002  max=   0.004 ms  (n=10)
  findSeries (rack+env, ~640 results)           min=   0.008  avg=   0.010  p50=   0.010  p95=   0.013  p99=   0.013  max=   0.014 ms  (n=10)
  findSeries (host+rack+region, 8 results)      min=   0.001  avg=   0.001  p50=   0.001  p95=   0.001  p99=   0.001  max=   0.002 ms  (n=10)
  findSeries (single host tag, 8 results)       min=   0.000  avg=   0.000  p50=   0.000  p95=   0.000  p99=   0.000  max=   0.001 ms  (n=10)

── Phase 5: getAllSeriesForMeasurement ──
  getAllSeriesForMeasurement (4000 each)        min=   0.438  avg=   0.648  p50=   0.621  p95=   0.774  p99=   0.774  max=   0.807 ms  (n=10)

── Phase 6: getSeriesGroupedByTag ──
  groupByTag (host, 500 groups)                 min=   0.215  avg=   0.317  p50=   0.283  p95=   0.354  p99=   0.354  max=   0.710 ms  (n=10)
  groupByTag (rack, 5 groups)                   min=   0.029  avg=   0.030  p50=   0.029  p95=   0.034  p99=   0.034  max=   0.034 ms  (n=10)

── Phase 7: findSeriesWithMetadata (filtered) ──
  findSeriesWithMetadata (host+field, 1 result)  min=   0.002  avg=   0.005  p50=   0.002  p95=   0.004  p99=   0.004  max=   0.030 ms  (n=10)
  findSeriesWithMetadata (region, 2000 results)  min=   0.349  avg=   1.886  p50=   0.404  p95=   2.244  p99=   2.244  max=  13.308 ms  (n=10)

── Phase 8: Schema Metadata ──
  getAllMeasurements:    0.008 ms  (10 measurements)
  getFields                                     min=   0.000  avg=   0.001  p50=   0.000  p95=   0.001  p99=   0.001  max=   0.002 ms  (n=10)
  getTags                                       min=   0.000  avg=   0.000  p50=   0.000  p95=   0.000  p99=   0.000  max=   0.002 ms  (n=10)
  getTagValues (host, 500 values)               min=   0.016  avg=   0.018  p50=   0.017  p95=   0.021  p99=   0.021  max=   0.024 ms  (n=10)

── Phase 9: Batch Metadata (100 IDs x 50 batches) ──
  getSeriesMetadataBatch (100 IDs)              min=   0.037  avg=   0.044  p50=   0.044  p95=   0.051  p99=   0.052  max=   0.053 ms  (n=50)

── Phase 10: Cached Discovery (repeat phase 7 via cache) ──
  findSeriesWithMetadataCached (warm)           min=   0.002  avg=   0.003  p50=   0.002  p95=   0.002  p99=   0.002  max=   0.008 ms  (n=10)

── Phase 11: Time-Scoped Discovery ──
  Indexing 40000 series with timestamps across 30 days...
  Time-scoped indexing: 0.018s
    api.latency day-0 series: 136
    api.throughput day-0 series: 136
    db.queries day-0 series: 136
    db.connections day-0 series: 136
    cache.hits day-0 series: 136
    cache.evictions day-0 series: 136
    queue.depth day-0 series: 136
    queue.wait_time day-0 series: 136
    disk.iops day-0 series: 136
    disk.utilization day-0 series: 136
  findSeriesWithMetadataTimeScoped (1 day)      min=   0.051  avg=   0.091  p50=   0.059  p95=   0.171  p99=   0.171  max=   0.228 ms  (n=10)
  findSeriesWithMetadataTimeScoped (30 days, all)  min=   2.052  avg=   3.142  p50=   2.747  p95=   4.302  p99=   4.302  max=   4.460 ms  (n=10)
  findSeriesWithMetadata (non-time-scoped)      min=   4.488  avg=   5.666  p50=   5.027  p95=   7.811  p99=   7.811  max=   9.114 ms  (n=10)
  findSeriesWithMetadataTimeScoped (1 day + region tag)  min=   0.015  avg=   0.044  p50=   0.044  p95=   0.048  p99=   0.048  max=   0.092 ms  (n=10)

── Phase 12: Cardinality Estimation ──
    api.latency estimated=4016  actual=4000  error=0.41%
    api.throughput estimated=4001  actual=4000  error=0.03%
    db.queries estimated=3976  actual=4000  error=0.61%
    db.connections estimated=3979  actual=4000  error=0.51%
    cache.hits estimated=4016  actual=4000  error=0.41%
    cache.evictions estimated=4014  actual=4000  error=0.35%
    queue.depth estimated=4002  actual=4000  error=0.06%
    queue.wait_time estimated=4018  actual=4000  error=0.44%
    disk.iops estimated=4005  actual=4000  error=0.12%
    disk.utilization estimated=3977  actual=4000  error=0.58%
  estimateMeasurementCardinality                min=   0.004  avg=   0.004  p50=   0.004  p95=   0.004  p99=   0.004  max=   0.006 ms  (n=10)
  estimateTagCardinality (region=us-east)       min=   0.000  avg=   0.000  p50=   0.000  p95=   0.000  p99=   0.000  max=   0.001 ms  (n=10)
  estimateTagCardinality (single host)          min=   0.000  avg=   0.001  p50=   0.001  p95=   0.001  p99=   0.001  max=   0.002 ms  (n=10)

── Index Statistics ──
  Total series:       40000
  Metadata cache:     36256 entries (24.0 MB)
  Discovery cache:    10 entries (0.0 MB)
  Series dedup cache: 40000 entries
INFO  2026-09-11 22:05:15,018 [shard 0:main] timestar.native_index - Flushing immutable MemTable: 383 entries, 61425 approx bytes
INFO  2026-09-11 22:05:15,018 [shard 0:main] timestar.native_index - SSTable write starting for file 2
INFO  2026-09-11 22:05:15,021 [shard 0:main] timestar.native_index - SSTable write complete: 383 entries, 14223 bytes
INFO  2026-09-11 22:05:15,042 [shard 0:main] timestar.native_index - NativeIndex closed on shard 0

── Benchmark Complete ──

[       OK ] NativeIndexBench.FullBenchmark (480 ms)
[----------] 1 test from NativeIndexBench (480 ms total)

[----------] 8 tests from NativeIndexBugfixTest
[ RUN      ] NativeIndexBugfixTest.ApplySchemaUpdateFieldTypeImmutable
INFO  2026-09-11 22:05:15,068 [shard 0:main] timestar.native_index - NativeIndex opened at: /home/matt/Desktop/source/tsdb/build/allocator-crash-probes/shard_0/native_index (0 SSTables, 2 MemTable entries, 0 local IDs)
INFO  2026-09-11 22:05:15,071 [shard 0:main] timestar.native_index - Flushing immutable MemTable: 2 entries, 167 approx bytes
INFO  2026-09-11 22:05:15,071 [shard 0:main] timestar.native_index - SSTable write starting for file 1
INFO  2026-09-11 22:05:15,074 [shard 0:main] timestar.native_index - SSTable write complete: 2 entries, 136 bytes
INFO  2026-09-11 22:05:15,094 [shard 0:main] timestar.native_index - NativeIndex closed on shard 0
[       OK ] NativeIndexBugfixTest.ApplySchemaUpdateFieldTypeImmutable (41 ms)
[ RUN      ] NativeIndexBugfixTest.ApplySchemaUpdateFieldTypeAcceptsNewKey
INFO  2026-09-11 22:05:15,109 [shard 0:main] timestar.native_index - NativeIndex opened at: /home/matt/Desktop/source/tsdb/build/allocator-crash-probes/shard_0/native_index (0 SSTables, 2 MemTable entries, 0 local IDs)
INFO  2026-09-11 22:05:15,112 [shard 0:main] timestar.native_index - Flushing immutable MemTable: 2 entries, 167 approx bytes
INFO  2026-09-11 22:05:15,112 [shard 0:main] timestar.native_index - SSTable write starting for file 1
INFO  2026-09-11 22:05:15,115 [shard 0:main] timestar.native_index - SSTable write complete: 2 entries, 136 bytes
INFO  2026-09-11 22:05:15,135 [shard 0:main] timestar.native_index - NativeIndex closed on shard 0
[       OK ] NativeIndexBugfixTest.ApplySchemaUpdateFieldTypeAcceptsNewKey (41 ms)
[ RUN      ] NativeIndexBugfixTest.SchemaUpdateMergeFieldTypeImmutable
[       OK ] NativeIndexBugfixTest.SchemaUpdateMergeFieldTypeImmutable (0 ms)
[ RUN      ] NativeIndexBugfixTest.SchemaUpdateMergeAcceptsNewKey
[       OK ] NativeIndexBugfixTest.SchemaUpdateMergeAcceptsNewKey (0 ms)
[ RUN      ] NativeIndexBugfixTest.GetFieldStatsValidData
INFO  2026-09-11 22:05:15,151 [shard 0:main] timestar.native_index - NativeIndex opened at: /home/matt/Desktop/source/tsdb/build/allocator-crash-probes/shard_0/native_index (0 SSTables, 2 MemTable entries, 0 local IDs)
INFO  2026-09-11 22:05:15,156 [shard 0:main] timestar.native_index - Flushing immutable MemTable: 13 entries, 17728 approx bytes
INFO  2026-09-11 22:05:15,156 [shard 0:main] timestar.native_index - SSTable write starting for file 1
INFO  2026-09-11 22:05:15,159 [shard 0:main] timestar.native_index - SSTable write complete: 13 entries, 425 bytes
INFO  2026-09-11 22:05:15,179 [shard 0:main] timestar.native_index - NativeIndex closed on shard 0
[       OK ] NativeIndexBugfixTest.GetFieldStatsValidData (43 ms)
[ RUN      ] NativeIndexBugfixTest.GetFieldStatsNonexistentReturnsNullopt
INFO  2026-09-11 22:05:15,194 [shard 0:main] timestar.native_index - NativeIndex opened at: /home/matt/Desktop/source/tsdb/build/allocator-crash-probes/shard_0/native_index (0 SSTables, 2 MemTable entries, 0 local IDs)
INFO  2026-09-11 22:05:15,197 [shard 0:main] timestar.native_index - Flushing immutable MemTable: 2 entries, 167 approx bytes
INFO  2026-09-11 22:05:15,197 [shard 0:main] timestar.native_index - SSTable write starting for file 1
INFO  2026-09-11 22:05:15,200 [shard 0:main] timestar.native_index - SSTable write complete: 2 entries, 136 bytes
INFO  2026-09-11 22:05:15,220 [shard 0:main] timestar.native_index - NativeIndex closed on shard 0
[       OK ] NativeIndexBugfixTest.GetFieldStatsNonexistentReturnsNullopt (41 ms)
[ RUN      ] NativeIndexBugfixTest.DiscoveryCacheKeyDeterministic
INFO  2026-09-11 22:05:15,234 [shard 0:main] timestar.native_index - NativeIndex opened at: /home/matt/Desktop/source/tsdb/build/allocator-crash-probes/shard_0/native_index (0 SSTables, 2 MemTable entries, 0 local IDs)
INFO  2026-09-11 22:05:15,241 [shard 0:main] timestar.native_index - Flushing immutable MemTable: 22 entries, 18687 approx bytes
INFO  2026-09-11 22:05:15,241 [shard 0:main] timestar.native_index - SSTable write starting for file 1
INFO  2026-09-11 22:05:15,244 [shard 0:main] timestar.native_index - SSTable write complete: 22 entries, 561 bytes
INFO  2026-09-11 22:05:15,262 [shard 0:main] timestar.native_index - NativeIndex closed on shard 0
[       OK ] NativeIndexBugfixTest.DiscoveryCacheKeyDeterministic (42 ms)
[ RUN      ] NativeIndexBugfixTest.DiscoveryCacheDifferentFieldSetsMiss
INFO  2026-09-11 22:05:15,278 [shard 0:main] timestar.native_index - NativeIndex opened at: /home/matt/Desktop/source/tsdb/build/allocator-crash-probes/shard_0/native_index (0 SSTables, 2 MemTable entries, 0 local IDs)
INFO  2026-09-11 22:05:15,283 [shard 0:main] timestar.native_index - Flushing immutable MemTable: 18 entries, 18163 approx bytes
INFO  2026-09-11 22:05:15,283 [shard 0:main] timestar.native_index - SSTable write starting for file 1
INFO  2026-09-11 22:05:15,286 [shard 0:main] timestar.native_index - SSTable write complete: 18 entries, 450 bytes
INFO  2026-09-11 22:05:15,306 [shard 0:main] timestar.native_index - NativeIndex closed on shard 0
[       OK ] NativeIndexBugfixTest.DiscoveryCacheDifferentFieldSetsMiss (43 ms)
[----------] 8 tests from NativeIndexBugfixTest (253 ms total)

[----------] 1 test from NativeIndexCompactionGateTest
[ RUN      ] NativeIndexCompactionGateTest.ManyFlushesKeepSSTableCountBounded
INFO  2026-09-11 22:05:15,321 [shard 0:main] timestar.native_index - NativeIndex opened at: /home/matt/Desktop/source/tsdb/build/allocator-crash-probes/shard_0/native_index (0 SSTables, 2 MemTable entries, 0 local IDs)
INFO  2026-09-11 22:05:15,321 [shard 0:main] timestar.native_index - Flushing MemTable: 4104 bytes >= 4096 threshold
INFO  2026-09-11 22:05:15,324 [shard 0:main] timestar.native_index - Flushing immutable MemTable: 23 entries, 4104 approx bytes
INFO  2026-09-11 22:05:15,324 [shard 0:main] timestar.native_index - Flushing MemTable: 4152 bytes >= 4096 threshold
INFO  2026-09-11 22:05:15,324 [shard 0:main] timestar.native_index - SSTable write starting for file 1
INFO  2026-09-11 22:05:15,333 [shard 0:main] timestar.native_index - SSTable write complete: 23 entries, 481 bytes
INFO  2026-09-11 22:05:15,346 [shard 0:main] timestar.native_index - Flushing immutable MemTable: 22 entries, 4152 approx bytes
INFO  2026-09-11 22:05:15,346 [shard 0:main] timestar.native_index - Flushing MemTable: 4158 bytes >= 4096 threshold
INFO  2026-09-11 22:05:15,346 [shard 0:main] timestar.native_index - SSTable write starting for file 2
INFO  2026-09-11 22:05:15,353 [shard 0:main] timestar.native_index - SSTable write complete: 22 entries, 488 bytes
INFO  2026-09-11 22:05:15,366 [shard 0:main] timestar.native_index - Flushing immutable MemTable: 22 entries, 4158 approx bytes
INFO  2026-09-11 22:05:15,366 [shard 0:main] timestar.native_index - Flushing MemTable: 4158 bytes >= 4096 threshold
INFO  2026-09-11 22:05:15,366 [shard 0:main] timestar.native_index - SSTable write starting for file 3
INFO  2026-09-11 22:05:15,369 [shard 0:main] timestar.native_index - SSTable write complete: 22 entries, 456 bytes
INFO  2026-09-11 22:05:15,381 [shard 0:main] timestar.native_index - Flushing immutable MemTable: 22 entries, 4158 approx bytes
INFO  2026-09-11 22:05:15,381 [shard 0:main] timestar.native_index - Flushing MemTable: 4139 bytes >= 4096 threshold
INFO  2026-09-11 22:05:15,381 [shard 0:main] timestar.native_index - SSTable write starting for file 4
INFO  2026-09-11 22:05:15,388 [shard 0:main] timestar.native_index - SSTable write complete: 22 entries, 470 bytes
INFO  2026-09-11 22:05:15,401 [shard 0:main] timestar.compaction - Compaction L0 -> L1: merged 4 files, 89 keys written, 0 tombstones dropped, 9452 bytes
INFO  2026-09-11 22:05:15,409 [shard 0:main] timestar.native_index - Flushing immutable MemTable: 22 entries, 4139 approx bytes
INFO  2026-09-11 22:05:15,409 [shard 0:main] timestar.native_index - Flushing MemTable: 4140 bytes >= 4096 threshold
INFO  2026-09-11 22:05:15,409 [shard 0:main] timestar.native_index - SSTable write starting for file 6
INFO  2026-09-11 22:05:15,418 [shard 0:main] timestar.native_index - SSTable write complete: 22 entries, 502 bytes
INFO  2026-09-11 22:05:15,431 [shard 0:main] timestar.native_index - Flushing immutable MemTable: 22 entries, 4140 approx bytes
INFO  2026-09-11 22:05:15,431 [shard 0:main] timestar.native_index - Flushing MemTable: 4158 bytes >= 4096 threshold
INFO  2026-09-11 22:05:15,432 [shard 0:main] timestar.native_index - SSTable write starting for file 7
INFO  2026-09-11 22:05:15,434 [shard 0:main] timestar.native_index - SSTable write complete: 22 entries, 469 bytes
INFO  2026-09-11 22:05:15,448 [shard 0:main] timestar.native_index - Flushing immutable MemTable: 22 entries, 4158 approx bytes
INFO  2026-09-11 22:05:15,448 [shard 0:main] timestar.native_index - Flushing MemTable: 4158 bytes >= 4096 threshold
INFO  2026-09-11 22:05:15,448 [shard 0:main] timestar.native_index - SSTable write starting for file 8
INFO  2026-09-11 22:05:15,450 [shard 0:main] timestar.native_index - SSTable write complete: 22 entries, 448 bytes
INFO  2026-09-11 22:05:15,462 [shard 0:main] timestar.native_index - Flushing immutable MemTable: 22 entries, 4158 approx bytes
INFO  2026-09-11 22:05:15,462 [shard 0:main] timestar.native_index - Flushing MemTable: 4158 bytes >= 4096 threshold
INFO  2026-09-11 22:05:15,462 [shard 0:main] timestar.native_index - SSTable write starting for file 9
INFO  2026-09-11 22:05:15,465 [shard 0:main] timestar.native_index - SSTable write complete: 22 entries, 448 bytes
INFO  2026-09-11 22:05:15,478 [shard 0:main] timestar.compaction - Compaction L0 -> L1: merged 4 files, 88 keys written, 0 tombstones dropped, 9555 bytes
INFO  2026-09-11 22:05:15,486 [shard 0:main] timestar.native_index - Flushing immutable MemTable: 22 entries, 4158 approx bytes
INFO  2026-09-11 22:05:15,486 [shard 0:main] timestar.native_index - Flushing MemTable: 4129 bytes >= 4096 threshold
INFO  2026-09-11 22:05:15,486 [shard 0:main] timestar.native_index - SSTable write starting for file 11
INFO  2026-09-11 22:05:15,493 [shard 0:main] timestar.native_index - SSTable write complete: 22 entries, 462 bytes
INFO  2026-09-11 22:05:15,504 [shard 0:main] timestar.native_index - Flushing immutable MemTable: 22 entries, 4129 approx bytes
INFO  2026-09-11 22:05:15,504 [shard 0:main] timestar.native_index - Flushing MemTable: 4150 bytes >= 4096 threshold
INFO  2026-09-11 22:05:15,504 [shard 0:main] timestar.native_index - SSTable write starting for file 12
INFO  2026-09-11 22:05:15,507 [shard 0:main] timestar.native_index - SSTable write complete: 22 entries, 508 bytes
INFO  2026-09-11 22:05:15,519 [shard 0:main] timestar.native_index - Flushing immutable MemTable: 22 entries, 4150 approx bytes
INFO  2026-09-11 22:05:15,519 [shard 0:main] timestar.native_index - Flushing MemTable: 4158 bytes >= 4096 threshold
INFO  2026-09-11 22:05:15,519 [shard 0:main] timestar.native_index - SSTable write starting for file 13
INFO  2026-09-11 22:05:15,522 [shard 0:main] timestar.native_index - SSTable write complete: 22 entries, 490 bytes
INFO  2026-09-11 22:05:15,533 [shard 0:main] timestar.native_index - Flushing immutable MemTable: 22 entries, 4158 approx bytes
INFO  2026-09-11 22:05:15,533 [shard 0:main] timestar.native_index - Flushing MemTable: 4158 bytes >= 4096 threshold
INFO  2026-09-11 22:05:15,534 [shard 0:main] timestar.native_index - SSTable write starting for file 14
INFO  2026-09-11 22:05:15,537 [shard 0:main] timestar.native_index - SSTable write complete: 22 entries, 460 bytes
INFO  2026-09-11 22:05:15,550 [shard 0:main] timestar.compaction - Compaction L0 -> L1: merged 4 files, 88 keys written, 0 tombstones dropped, 9555 bytes
INFO  2026-09-11 22:05:15,556 [shard 0:main] timestar.native_index - Flushing immutable MemTable: 22 entries, 4158 approx bytes
INFO  2026-09-11 22:05:15,556 [shard 0:main] timestar.native_index - Flushing MemTable: 4143 bytes >= 4096 threshold
INFO  2026-09-11 22:05:15,556 [shard 0:main] timestar.native_index - SSTable write starting for file 16
INFO  2026-09-11 22:05:15,559 [shard 0:main] timestar.native_index - SSTable write complete: 22 entries, 452 bytes
INFO  2026-09-11 22:05:15,571 [shard 0:main] timestar.native_index - Flushing immutable MemTable: 22 entries, 4143 approx bytes
INFO  2026-09-11 22:05:15,571 [shard 0:main] timestar.native_index - Flushing MemTable: 4136 bytes >= 4096 threshold
INFO  2026-09-11 22:05:15,571 [shard 0:main] timestar.native_index - SSTable write starting for file 17
INFO  2026-09-11 22:05:15,574 [shard 0:main] timestar.native_index - SSTable write complete: 22 entries, 489 bytes
INFO  2026-09-11 22:05:15,586 [shard 0:main] timestar.native_index - Flushing immutable MemTable: 22 entries, 4136 approx bytes
INFO  2026-09-11 22:05:15,586 [shard 0:main] timestar.native_index - Flushing MemTable: 4158 bytes >= 4096 threshold
INFO  2026-09-11 22:05:15,586 [shard 0:main] timestar.native_index - SSTable write starting for file 18
INFO  2026-09-11 22:05:15,589 [shard 0:main] timestar.native_index - SSTable write complete: 22 entries, 461 bytes
INFO  2026-09-11 22:05:15,601 [shard 0:main] timestar.native_index - Flushing immutable MemTable: 22 entries, 4158 approx bytes
INFO  2026-09-11 22:05:15,601 [shard 0:main] timestar.native_index - Flushing MemTable: 4158 bytes >= 4096 threshold
INFO  2026-09-11 22:05:15,601 [shard 0:main] timestar.native_index - SSTable write starting for file 19
INFO  2026-09-11 22:05:15,606 [shard 0:main] timestar.native_index - SSTable write complete: 22 entries, 436 bytes
INFO  2026-09-11 22:05:15,622 [shard 0:main] timestar.compaction - Compaction L0 -> L1: merged 4 files, 88 keys written, 0 tombstones dropped, 9555 bytes
INFO  2026-09-11 22:05:15,625 [shard 0:main] timestar.native_index - Flushing immutable MemTable: 22 entries, 4158 approx bytes
INFO  2026-09-11 22:05:15,625 [shard 0:main] timestar.native_index - Flushing MemTable: 4158 bytes >= 4096 threshold
INFO  2026-09-11 22:05:15,625 [shard 0:main] timestar.native_index - SSTable write starting for file 21
INFO  2026-09-11 22:05:15,628 [shard 0:main] timestar.native_index - SSTable write complete: 22 entries, 453 bytes
INFO  2026-09-11 22:05:15,641 [shard 0:main] timestar.native_index - Flushing immutable MemTable: 22 entries, 4158 approx bytes
INFO  2026-09-11 22:05:15,641 [shard 0:main] timestar.native_index - Flushing MemTable: 4131 bytes >= 4096 threshold
INFO  2026-09-11 22:05:15,641 [shard 0:main] timestar.native_index - SSTable write starting for file 22
INFO  2026-09-11 22:05:15,644 [shard 0:main] timestar.native_index - SSTable write complete: 22 entries, 454 bytes
INFO  2026-09-11 22:05:15,655 [shard 0:main] timestar.native_index - Flushing immutable MemTable: 22 entries, 4131 approx bytes
INFO  2026-09-11 22:05:15,655 [shard 0:main] timestar.native_index - Flushing MemTable: 4148 bytes >= 4096 threshold
INFO  2026-09-11 22:05:15,655 [shard 0:main] timestar.native_index - SSTable write starting for file 23
INFO  2026-09-11 22:05:15,658 [shard 0:main] timestar.native_index - SSTable write complete: 22 entries, 497 bytes
INFO  2026-09-11 22:05:15,671 [shard 0:main] timestar.native_index - Flushing immutable MemTable: 22 entries, 4148 approx bytes
INFO  2026-09-11 22:05:15,671 [shard 0:main] timestar.native_index - Flushing MemTable: 4158 bytes >= 4096 threshold
INFO  2026-09-11 22:05:15,671 [shard 0:main] timestar.native_index - SSTable write starting for file 24
INFO  2026-09-11 22:05:15,673 [shard 0:main] timestar.native_index - SSTable write complete: 22 entries, 486 bytes
INFO  2026-09-11 22:05:15,687 [shard 0:main] timestar.compaction - Compaction L0 -> L1: merged 4 files, 88 keys written, 0 tombstones dropped, 9555 bytes
INFO  2026-09-11 22:05:15,693 [shard 0:main] timestar.native_index - Flushing immutable MemTable: 22 entries, 4158 approx bytes
INFO  2026-09-11 22:05:15,693 [shard 0:main] timestar.native_index - Flushing MemTable: 4158 bytes >= 4096 threshold
INFO  2026-09-11 22:05:15,693 [shard 0:main] timestar.native_index - SSTable write starting for file 26
INFO  2026-09-11 22:05:15,696 [shard 0:main] timestar.native_index - SSTable write complete: 22 entries, 450 bytes
INFO  2026-09-11 22:05:15,708 [shard 0:main] timestar.native_index - Flushing immutable MemTable: 22 entries, 4158 approx bytes
INFO  2026-09-11 22:05:15,708 [shard 0:main] timestar.native_index - Flushing MemTable: 4147 bytes >= 4096 threshold
INFO  2026-09-11 22:05:15,708 [shard 0:main] timestar.native_index - SSTable write starting for file 27
INFO  2026-09-11 22:05:15,711 [shard 0:main] timestar.native_index - SSTable write complete: 22 entries, 447 bytes
INFO  2026-09-11 22:05:15,726 [shard 0:main] timestar.native_index - Flushing immutable MemTable: 22 entries, 4147 approx bytes
INFO  2026-09-11 22:05:15,726 [shard 0:main] timestar.native_index - Flushing MemTable: 4132 bytes >= 4096 threshold
INFO  2026-09-11 22:05:15,726 [shard 0:main] timestar.native_index - SSTable write starting for file 28
INFO  2026-09-11 22:05:15,728 [shard 0:main] timestar.native_index - SSTable write complete: 22 entries, 489 bytes
INFO  2026-09-11 22:05:15,741 [shard 0:main] timestar.native_index - Flushing immutable MemTable: 22 entries, 4132 approx bytes
INFO  2026-09-11 22:05:15,741 [shard 0:main] timestar.native_index - Flushing MemTable: 4158 bytes >= 4096 threshold
INFO  2026-09-11 22:05:15,741 [shard 0:main] timestar.native_index - SSTable write starting for file 29
INFO  2026-09-11 22:05:15,744 [shard 0:main] timestar.native_index - SSTable write complete: 22 entries, 453 bytes
INFO  2026-09-11 22:05:15,757 [shard 0:main] timestar.compaction - Compaction L0 -> L1: merged 4 files, 88 keys written, 0 tombstones dropped, 9555 bytes
INFO  2026-09-11 22:05:15,764 [shard 0:main] timestar.native_index - Flushing immutable MemTable: 22 entries, 4158 approx bytes
INFO  2026-09-11 22:05:15,764 [shard 0:main] timestar.native_index - Flushing MemTable: 4158 bytes >= 4096 threshold
INFO  2026-09-11 22:05:15,764 [shard 0:main] timestar.native_index - SSTable write starting for file 31
INFO  2026-09-11 22:05:15,767 [shard 0:main] timestar.native_index - SSTable write complete: 22 entries, 454 bytes
INFO  2026-09-11 22:05:15,778 [shard 0:main] timestar.native_index - Flushing immutable MemTable: 22 entries, 4158 approx bytes
INFO  2026-09-11 22:05:15,778 [shard 0:main] timestar.native_index - Flushing MemTable: 4158 bytes >= 4096 threshold
INFO  2026-09-11 22:05:15,778 [shard 0:main] timestar.native_index - SSTable write starting for file 32
INFO  2026-09-11 22:05:15,781 [shard 0:main] timestar.native_index - SSTable write complete: 22 entries, 445 bytes
INFO  2026-09-11 22:05:15,794 [shard 0:main] timestar.native_index - Flushing immutable MemTable: 22 entries, 4158 approx bytes
INFO  2026-09-11 22:05:15,794 [shard 0:main] timestar.native_index - Flushing MemTable: 4133 bytes >= 4096 threshold
INFO  2026-09-11 22:05:15,794 [shard 0:main] timestar.native_index - SSTable write starting for file 33
INFO  2026-09-11 22:05:15,797 [shard 0:main] timestar.native_index - SSTable write complete: 22 entries, 458 bytes
INFO  2026-09-11 22:05:15,809 [shard 0:main] timestar.native_index - Flushing immutable MemTable: 22 entries, 4133 approx bytes
INFO  2026-09-11 22:05:15,809 [shard 0:main] timestar.native_index - Flushing MemTable: 4146 bytes >= 4096 threshold
INFO  2026-09-11 22:05:15,809 [shard 0:main] timestar.native_index - SSTable write starting for file 34
INFO  2026-09-11 22:05:15,812 [shard 0:main] timestar.native_index - SSTable write complete: 22 entries, 496 bytes
INFO  2026-09-11 22:05:15,830 [shard 0:main] timestar.compaction - Compaction L0 -> L1: merged 4 files, 88 keys written, 0 tombstones dropped, 9567 bytes
INFO  2026-09-11 22:05:15,833 [shard 0:main] timestar.native_index - Flushing immutable MemTable: 22 entries, 4146 approx bytes
INFO  2026-09-11 22:05:15,833 [shard 0:main] timestar.native_index - Flushing MemTable: 4158 bytes >= 4096 threshold
INFO  2026-09-11 22:05:15,833 [shard 0:main] timestar.native_index - SSTable write starting for file 36
INFO  2026-09-11 22:05:15,837 [shard 0:main] timestar.native_index - SSTable write complete: 22 entries, 484 bytes
INFO  2026-09-11 22:05:15,848 [shard 0:main] timestar.native_index - Flushing immutable MemTable: 22 entries, 4158 approx bytes
INFO  2026-09-11 22:05:15,848 [shard 0:main] timestar.native_index - Flushing MemTable: 4158 bytes >= 4096 threshold
INFO  2026-09-11 22:05:15,848 [shard 0:main] timestar.native_index - SSTable write starting for file 37
INFO  2026-09-11 22:05:15,851 [shard 0:main] timestar.native_index - SSTable write complete: 22 entries, 463 bytes
INFO  2026-09-11 22:05:15,864 [shard 0:main] timestar.native_index - Flushing immutable MemTable: 22 entries, 4158 approx bytes
INFO  2026-09-11 22:05:15,864 [shard 0:main] timestar.native_index - Flushing MemTable: 4151 bytes >= 4096 threshold
INFO  2026-09-11 22:05:15,864 [shard 0:main] timestar.native_index - SSTable write starting for file 38
INFO  2026-09-11 22:05:15,866 [shard 0:main] timestar.native_index - SSTable write complete: 22 entries, 442 bytes
INFO  2026-09-11 22:05:15,878 [shard 0:main] timestar.native_index - Flushing immutable MemTable: 22 entries, 4151 approx bytes
INFO  2026-09-11 22:05:15,878 [shard 0:main] timestar.native_index - Flushing MemTable: 4130 bytes >= 4096 threshold
INFO  2026-09-11 22:05:15,878 [shard 0:main] timestar.native_index - SSTable write starting for file 39
INFO  2026-09-11 22:05:15,882 [shard 0:main] timestar.native_index - SSTable write complete: 22 entries, 482 bytes
INFO  2026-09-11 22:05:15,895 [shard 0:main] timestar.compaction - Compaction L0 -> L1: merged 4 files, 88 keys written, 0 tombstones dropped, 9573 bytes
INFO  2026-09-11 22:05:15,903 [shard 0:main] timestar.compaction - Compaction L1 -> L2: merged 8 files, 705 keys written, 0 tombstones dropped, 76367 bytes
INFO  2026-09-11 22:05:15,910 [shard 0:main] timestar.native_index - Flushing immutable MemTable: 22 entries, 4130 approx bytes
INFO  2026-09-11 22:05:15,910 [shard 0:main] timestar.native_index - Flushing MemTable: 4156 bytes >= 4096 threshold
INFO  2026-09-11 22:05:15,910 [shard 0:main] timestar.native_index - SSTable write starting for file 42
INFO  2026-09-11 22:05:15,913 [shard 0:main] timestar.native_index - SSTable write complete: 22 entries, 441 bytes
INFO  2026-09-11 22:05:15,927 [shard 0:main] timestar.native_index - Flushing immutable MemTable: 22 entries, 4156 approx bytes
INFO  2026-09-11 22:05:15,927 [shard 0:main] timestar.native_index - Flushing MemTable: 4158 bytes >= 4096 threshold
INFO  2026-09-11 22:05:15,927 [shard 0:main] timestar.native_index - SSTable write starting for file 43
INFO  2026-09-11 22:05:15,931 [shard 0:main] timestar.native_index - SSTable write complete: 22 entries, 469 bytes
INFO  2026-09-11 22:05:15,942 [shard 0:main] timestar.native_index - Flushing immutable MemTable: 22 entries, 4158 approx bytes
INFO  2026-09-11 22:05:15,942 [shard 0:main] timestar.native_index - Flushing MemTable: 4158 bytes >= 4096 threshold
INFO  2026-09-11 22:05:15,942 [shard 0:main] timestar.native_index - SSTable write starting for file 44
INFO  2026-09-11 22:05:15,945 [shard 0:main] timestar.native_index - SSTable write complete: 22 entries, 461 bytes
INFO  2026-09-11 22:05:15,957 [shard 0:main] timestar.native_index - Flushing immutable MemTable: 22 entries, 4158 approx bytes
INFO  2026-09-11 22:05:15,957 [shard 0:main] timestar.native_index - Flushing MemTable: 4135 bytes >= 4096 threshold
INFO  2026-09-11 22:05:15,957 [shard 0:main] timestar.native_index - SSTable write starting for file 45
INFO  2026-09-11 22:05:15,960 [shard 0:main] timestar.native_index - SSTable write complete: 22 entries, 449 bytes
INFO  2026-09-11 22:05:15,973 [shard 0:main] timestar.compaction - Compaction L0 -> L1: merged 4 files, 88 keys written, 0 tombstones dropped, 9562 bytes
INFO  2026-09-11 22:05:15,980 [shard 0:main] timestar.native_index - Flushing immutable MemTable: 22 entries, 4135 approx bytes
INFO  2026-09-11 22:05:15,980 [shard 0:main] timestar.native_index - Flushing MemTable: 4144 bytes >= 4096 threshold
INFO  2026-09-11 22:05:15,980 [shard 0:main] timestar.native_index - SSTable write starting for file 47
INFO  2026-09-11 22:05:15,982 [shard 0:main] timestar.native_index - SSTable write complete: 22 entries, 510 bytes
INFO  2026-09-11 22:05:15,994 [shard 0:main] timestar.native_index - Flushing immutable MemTable: 22 entries, 4144 approx bytes
INFO  2026-09-11 22:05:15,994 [shard 0:main] timestar.native_index - Flushing MemTable: 4158 bytes >= 4096 threshold
INFO  2026-09-11 22:05:15,994 [shard 0:main] timestar.native_index - SSTable write starting for file 48
INFO  2026-09-11 22:05:15,996 [shard 0:main] timestar.native_index - SSTable write complete: 22 entries, 478 bytes
INFO  2026-09-11 22:05:16,009 [shard 0:main] timestar.native_index - Flushing immutable MemTable: 22 entries, 4158 approx bytes
INFO  2026-09-11 22:05:16,009 [shard 0:main] timestar.native_index - Flushing MemTable: 4158 bytes >= 4096 threshold
INFO  2026-09-11 22:05:16,009 [shard 0:main] timestar.native_index - SSTable write starting for file 49
INFO  2026-09-11 22:05:16,012 [shard 0:main] timestar.native_index - SSTable write complete: 22 entries, 468 bytes
INFO  2026-09-11 22:05:16,026 [shard 0:main] timestar.native_index - Flushing immutable MemTable: 22 entries, 4158 approx bytes
INFO  2026-09-11 22:05:16,026 [shard 0:main] timestar.native_index - Flushing MemTable: 4156 bytes >= 4096 threshold
INFO  2026-09-11 22:05:16,027 [shard 0:main] timestar.native_index - SSTable write starting for file 50
INFO  2026-09-11 22:05:16,029 [shard 0:main] timestar.native_index - SSTable write complete: 22 entries, 458 bytes
INFO  2026-09-11 22:05:16,042 [shard 0:main] timestar.compaction - Compaction L0 -> L1: merged 4 files, 88 keys written, 0 tombstones dropped, 9555 bytes
INFO  2026-09-11 22:05:16,048 [shard 0:main] timestar.native_index - Flushing immutable MemTable: 22 entries, 4156 approx bytes
INFO  2026-09-11 22:05:16,048 [shard 0:main] timestar.native_index - Flushing MemTable: 4127 bytes >= 4096 threshold
INFO  2026-09-11 22:05:16,048 [shard 0:main] timestar.native_index - SSTable write starting for file 52
INFO  2026-09-11 22:05:16,052 [shard 0:main] timestar.native_index - SSTable write complete: 22 entries, 461 bytes
INFO  2026-09-11 22:05:16,063 [shard 0:main] timestar.native_index - Flushing immutable MemTable: 22 entries, 4127 approx bytes
INFO  2026-09-11 22:05:16,063 [shard 0:main] timestar.native_index - Flushing MemTable: 4154 bytes >= 4096 threshold
INFO  2026-09-11 22:05:16,063 [shard 0:main] timestar.native_index - SSTable write starting for file 53
INFO  2026-09-11 22:05:16,066 [shard 0:main] timestar.native_index - SSTable write complete: 22 entries, 462 bytes
INFO  2026-09-11 22:05:16,078 [shard 0:main] timestar.native_index - Flushing immutable MemTable: 22 entries, 4154 approx bytes
INFO  2026-09-11 22:05:16,078 [shard 0:main] timestar.native_index - Flushing MemTable: 4158 bytes >= 4096 threshold
INFO  2026-09-11 22:05:16,078 [shard 0:main] timestar.native_index - SSTable write starting for file 54
INFO  2026-09-11 22:05:16,081 [shard 0:main] timestar.native_index - SSTable write complete: 22 entries, 468 bytes
INFO  2026-09-11 22:05:16,092 [shard 0:main] timestar.native_index - Flushing immutable MemTable: 22 entries, 4158 approx bytes
INFO  2026-09-11 22:05:16,092 [shard 0:main] timestar.native_index - Flushing MemTable: 4158 bytes >= 4096 threshold
INFO  2026-09-11 22:05:16,092 [shard 0:main] timestar.native_index - SSTable write starting for file 55
INFO  2026-09-11 22:05:16,095 [shard 0:main] timestar.native_index - SSTable write complete: 22 entries, 468 bytes
INFO  2026-09-11 22:05:16,109 [shard 0:main] timestar.compaction - Compaction L0 -> L1: merged 4 files, 88 keys written, 0 tombstones dropped, 9555 bytes
INFO  2026-09-11 22:05:16,115 [shard 0:main] timestar.native_index - Flushing immutable MemTable: 22 entries, 4158 approx bytes
INFO  2026-09-11 22:05:16,115 [shard 0:main] timestar.native_index - Flushing MemTable: 4137 bytes >= 4096 threshold
INFO  2026-09-11 22:05:16,115 [shard 0:main] timestar.native_index - SSTable write starting for file 57
INFO  2026-09-11 22:05:16,121 [shard 0:main] timestar.native_index - SSTable write complete: 22 entries, 458 bytes
INFO  2026-09-11 22:05:16,133 [shard 0:main] timestar.native_index - Flushing immutable MemTable: 22 entries, 4137 approx bytes
INFO  2026-09-11 22:05:16,133 [shard 0:main] timestar.native_index - Flushing MemTable: 4142 bytes >= 4096 threshold
INFO  2026-09-11 22:05:16,133 [shard 0:main] timestar.native_index - SSTable write starting for file 58
INFO  2026-09-11 22:05:16,136 [shard 0:main] timestar.native_index - SSTable write complete: 22 entries, 523 bytes
INFO  2026-09-11 22:05:16,148 [shard 0:main] timestar.native_index - Flushing immutable MemTable: 22 entries, 4142 approx bytes
INFO  2026-09-11 22:05:16,148 [shard 0:main] timestar.native_index - Flushing MemTable: 4158 bytes >= 4096 threshold
INFO  2026-09-11 22:05:16,148 [shard 0:main] timestar.native_index - SSTable write starting for file 59
INFO  2026-09-11 22:05:16,151 [shard 0:main] timestar.native_index - SSTable write complete: 22 entries, 473 bytes
INFO  2026-09-11 22:05:16,162 [shard 0:main] timestar.native_index - Flushing immutable MemTable: 22 entries, 4158 approx bytes
INFO  2026-09-11 22:05:16,162 [shard 0:main] timestar.native_index - Flushing MemTable: 4158 bytes >= 4096 threshold
INFO  2026-09-11 22:05:16,162 [shard 0:main] timestar.native_index - SSTable write starting for file 60
INFO  2026-09-11 22:05:16,165 [shard 0:main] timestar.native_index - SSTable write complete: 22 entries, 450 bytes
INFO  2026-09-11 22:05:16,179 [shard 0:main] timestar.compaction - Compaction L0 -> L1: merged 4 files, 88 keys written, 0 tombstones dropped, 9555 bytes
INFO  2026-09-11 22:05:16,185 [shard 0:main] timestar.native_index - Flushing immutable MemTable: 22 entries, 4158 approx bytes
INFO  2026-09-11 22:05:16,185 [shard 0:main] timestar.native_index - Flushing MemTable: 4158 bytes >= 4096 threshold
INFO  2026-09-11 22:05:16,185 [shard 0:main] timestar.native_index - SSTable write starting for file 62
INFO  2026-09-11 22:05:16,187 [shard 0:main] timestar.native_index - SSTable write complete: 22 entries, 460 bytes
INFO  2026-09-11 22:05:16,200 [shard 0:main] timestar.native_index - Flushing immutable MemTable: 22 entries, 4158 approx bytes
INFO  2026-09-11 22:05:16,200 [shard 0:main] timestar.native_index - Flushing MemTable: 4127 bytes >= 4096 threshold
INFO  2026-09-11 22:05:16,200 [shard 0:main] timestar.native_index - SSTable write starting for file 63
INFO  2026-09-11 22:05:16,203 [shard 0:main] timestar.native_index - SSTable write complete: 22 entries, 455 bytes
INFO  2026-09-11 22:05:16,214 [shard 0:main] timestar.native_index - Flushing immutable MemTable: 22 entries, 4127 approx bytes
INFO  2026-09-11 22:05:16,214 [shard 0:main] timestar.native_index - Flushing MemTable: 4152 bytes >= 4096 threshold
INFO  2026-09-11 22:05:16,214 [shard 0:main] timestar.native_index - SSTable write starting for file 64
INFO  2026-09-11 22:05:16,220 [shard 0:main] timestar.native_index - SSTable write complete: 22 entries, 488 bytes
INFO  2026-09-11 22:05:16,232 [shard 0:main] timestar.native_index - Flushing immutable MemTable: 22 entries, 4152 approx bytes
INFO  2026-09-11 22:05:16,232 [shard 0:main] timestar.native_index - Flushing MemTable: 4158 bytes >= 4096 threshold
INFO  2026-09-11 22:05:16,232 [shard 0:main] timestar.native_index - SSTable write starting for file 65
INFO  2026-09-11 22:05:16,234 [shard 0:main] timestar.native_index - SSTable write complete: 22 entries, 488 bytes
INFO  2026-09-11 22:05:16,251 [shard 0:main] timestar.compaction - Compaction L0 -> L1: merged 4 files, 88 keys written, 0 tombstones dropped, 9555 bytes
INFO  2026-09-11 22:05:16,257 [shard 0:main] timestar.native_index - Flushing immutable MemTable: 22 entries, 4158 approx bytes
INFO  2026-09-11 22:05:16,257 [shard 0:main] timestar.native_index - Flushing MemTable: 4158 bytes >= 4096 threshold
INFO  2026-09-11 22:05:16,257 [shard 0:main] timestar.native_index - SSTable write starting for file 67
INFO  2026-09-11 22:05:16,259 [shard 0:main] timestar.native_index - SSTable write complete: 22 entries, 456 bytes
INFO  2026-09-11 22:05:16,272 [shard 0:main] timestar.native_index - Flushing immutable MemTable: 22 entries, 4158 approx bytes
INFO  2026-09-11 22:05:16,272 [shard 0:main] timestar.native_index - Flushing MemTable: 4139 bytes >= 4096 threshold
INFO  2026-09-11 22:05:16,272 [shard 0:main] timestar.native_index - SSTable write starting for file 68
INFO  2026-09-11 22:05:16,275 [shard 0:main] timestar.native_index - SSTable write complete: 22 entries, 471 bytes
INFO  2026-09-11 22:05:16,286 [shard 0:main] timestar.native_index - Flushing immutable MemTable: 22 entries, 4139 approx bytes
INFO  2026-09-11 22:05:16,286 [shard 0:main] timestar.native_index - Flushing MemTable: 4140 bytes >= 4096 threshold
INFO  2026-09-11 22:05:16,286 [shard 0:main] timestar.native_index - SSTable write starting for file 69
INFO  2026-09-11 22:05:16,289 [shard 0:main] timestar.native_index - SSTable write complete: 22 entries, 502 bytes
INFO  2026-09-11 22:05:16,301 [shard 0:main] timestar.native_index - Flushing immutable MemTable: 22 entries, 4140 approx bytes
INFO  2026-09-11 22:05:16,301 [shard 0:main] timestar.native_index - Flushing MemTable: 4158 bytes >= 4096 threshold
INFO  2026-09-11 22:05:16,301 [shard 0:main] timestar.native_index - SSTable write starting for file 70
INFO  2026-09-11 22:05:16,304 [shard 0:main] timestar.native_index - SSTable write complete: 22 entries, 469 bytes
INFO  2026-09-11 22:05:16,318 [shard 0:main] timestar.compaction - Compaction L0 -> L1: merged 4 files, 88 keys written, 0 tombstones dropped, 9555 bytes
INFO  2026-09-11 22:05:16,326 [shard 0:main] timestar.native_index - Flushing immutable MemTable: 22 entries, 4158 approx bytes
INFO  2026-09-11 22:05:16,326 [shard 0:main] timestar.native_index - Flushing MemTable: 4158 bytes >= 4096 threshold
INFO  2026-09-11 22:05:16,326 [shard 0:main] timestar.native_index - SSTable write starting for file 72
INFO  2026-09-11 22:05:16,329 [shard 0:main] timestar.native_index - SSTable write complete: 22 entries, 448 bytes
INFO  2026-09-11 22:05:16,341 [shard 0:main] timestar.native_index - Flushing immutable MemTable: 22 entries, 4158 approx bytes
INFO  2026-09-11 22:05:16,341 [shard 0:main] timestar.native_index - Flushing MemTable: 4158 bytes >= 4096 threshold
INFO  2026-09-11 22:05:16,341 [shard 0:main] timestar.native_index - SSTable write starting for file 73
INFO  2026-09-11 22:05:16,344 [shard 0:main] timestar.native_index - SSTable write complete: 22 entries, 448 bytes
INFO  2026-09-11 22:05:16,355 [shard 0:main] timestar.native_index - Flushing immutable MemTable: 22 entries, 4158 approx bytes
INFO  2026-09-11 22:05:16,355 [shard 0:main] timestar.native_index - Flushing MemTable: 4129 bytes >= 4096 threshold
INFO  2026-09-11 22:05:16,355 [shard 0:main] timestar.native_index - SSTable write starting for file 74
INFO  2026-09-11 22:05:16,361 [shard 0:main] timestar.native_index - SSTable write complete: 22 entries, 462 bytes
INFO  2026-09-11 22:05:16,373 [shard 0:main] timestar.native_index - Flushing immutable MemTable: 22 entries, 4129 approx bytes
INFO  2026-09-11 22:05:16,373 [shard 0:main] timestar.native_index - Flushing MemTable: 4150 bytes >= 4096 threshold
INFO  2026-09-11 22:05:16,373 [shard 0:main] timestar.native_index - SSTable write starting for file 75
INFO  2026-09-11 22:05:16,376 [shard 0:main] timestar.native_index - SSTable write complete: 22 entries, 508 bytes
INFO  2026-09-11 22:05:16,390 [shard 0:main] timestar.compaction - Compaction L0 -> L1: merged 4 files, 88 keys written, 0 tombstones dropped, 9563 bytes
INFO  2026-09-11 22:05:16,396 [shard 0:main] timestar.native_index - Flushing immutable MemTable: 22 entries, 4150 approx bytes
INFO  2026-09-11 22:05:16,396 [shard 0:main] timestar.native_index - Flushing MemTable: 4158 bytes >= 4096 threshold
INFO  2026-09-11 22:05:16,396 [shard 0:main] timestar.native_index - SSTable write starting for file 77
INFO  2026-09-11 22:05:16,399 [shard 0:main] timestar.native_index - SSTable write complete: 22 entries, 490 bytes
INFO  2026-09-11 22:05:16,411 [shard 0:main] timestar.native_index - Flushing immutable MemTable: 22 entries, 4158 approx bytes
INFO  2026-09-11 22:05:16,411 [shard 0:main] timestar.native_index - Flushing MemTable: 4158 bytes >= 4096 threshold
INFO  2026-09-11 22:05:16,411 [shard 0:main] timestar.native_index - SSTable write starting for file 78
INFO  2026-09-11 22:05:16,414 [shard 0:main] timestar.native_index - SSTable write complete: 22 entries, 460 bytes
INFO  2026-09-11 22:05:16,428 [shard 0:main] timestar.native_index - Flushing immutable MemTable: 22 entries, 4158 approx bytes
INFO  2026-09-11 22:05:16,428 [shard 0:main] timestar.native_index - Flushing MemTable: 4143 bytes >= 4096 threshold
INFO  2026-09-11 22:05:16,428 [shard 0:main] timestar.native_index - SSTable write starting for file 79
INFO  2026-09-11 22:05:16,431 [shard 0:main] timestar.native_index - SSTable write complete: 22 entries, 453 bytes
INFO  2026-09-11 22:05:16,443 [shard 0:main] timestar.native_index - Flushing immutable MemTable: 22 entries, 4143 approx bytes
INFO  2026-09-11 22:05:16,443 [shard 0:main] timestar.native_index - Flushing MemTable: 4136 bytes >= 4096 threshold
INFO  2026-09-11 22:05:16,443 [shard 0:main] timestar.native_index - SSTable write starting for file 80
INFO  2026-09-11 22:05:16,446 [shard 0:main] timestar.native_index - SSTable write complete: 22 entries, 489 bytes
INFO  2026-09-11 22:05:16,460 [shard 0:main] timestar.compaction - Compaction L0 -> L1: merged 4 files, 88 keys written, 0 tombstones dropped, 9569 bytes
INFO  2026-09-11 22:05:16,469 [shard 0:main] timestar.compaction - Compaction L1 -> L2: merged 8 files, 704 keys written, 0 tombstones dropped, 76469 bytes
INFO  2026-09-11 22:05:16,475 [shard 0:main] timestar.native_index - Flushing immutable MemTable: 22 entries, 4136 approx bytes
INFO  2026-09-11 22:05:16,475 [shard 0:main] timestar.native_index - Flushing MemTable: 4158 bytes >= 4096 threshold
INFO  2026-09-11 22:05:16,475 [shard 0:main] timestar.native_index - SSTable write starting for file 83
INFO  2026-09-11 22:05:16,477 [shard 0:main] timestar.native_index - SSTable write complete: 22 entries, 461 bytes
INFO  2026-09-11 22:05:16,489 [shard 0:main] timestar.native_index - Flushing immutable MemTable: 22 entries, 4158 approx bytes
INFO  2026-09-11 22:05:16,490 [shard 0:main] timestar.native_index - Flushing MemTable: 4158 bytes >= 4096 threshold
INFO  2026-09-11 22:05:16,490 [shard 0:main] timestar.native_index - SSTable write starting for file 84
INFO  2026-09-11 22:05:16,492 [shard 0:main] timestar.native_index - SSTable write complete: 22 entries, 436 bytes
INFO  2026-09-11 22:05:16,504 [shard 0:main] timestar.native_index - Flushing immutable MemTable: 22 entries, 4158 approx bytes
INFO  2026-09-11 22:05:16,504 [shard 0:main] timestar.native_index - Flushing MemTable: 4158 bytes >= 4096 threshold
INFO  2026-09-11 22:05:16,504 [shard 0:main] timestar.native_index - SSTable write starting for file 85
INFO  2026-09-11 22:05:16,508 [shard 0:main] timestar.native_index - SSTable write complete: 22 entries, 453 bytes
INFO  2026-09-11 22:05:16,519 [shard 0:main] timestar.native_index - Flushing immutable MemTable: 22 entries, 4158 approx bytes
INFO  2026-09-11 22:05:16,519 [shard 0:main] timestar.native_index - Flushing MemTable: 4131 bytes >= 4096 threshold
INFO  2026-09-11 22:05:16,519 [shard 0:main] timestar.native_index - SSTable write starting for file 86
INFO  2026-09-11 22:05:16,522 [shard 0:main] timestar.native_index - SSTable write complete: 22 entries, 454 bytes
INFO  2026-09-11 22:05:16,535 [shard 0:main] timestar.compaction - Compaction L0 -> L1: merged 4 files, 88 keys written, 0 tombstones dropped, 9570 bytes
INFO  2026-09-11 22:05:16,541 [shard 0:main] timestar.native_index - Flushing immutable MemTable: 22 entries, 4131 approx bytes
INFO  2026-09-11 22:05:16,541 [shard 0:main] timestar.native_index - Flushing MemTable: 4148 bytes >= 4096 threshold
INFO  2026-09-11 22:05:16,541 [shard 0:main] timestar.native_index - SSTable write starting for file 88
INFO  2026-09-11 22:05:16,544 [shard 0:main] timestar.native_index - SSTable write complete: 22 entries, 496 bytes
INFO  2026-09-11 22:05:16,556 [shard 0:main] timestar.native_index - Flushing immutable MemTable: 22 entries, 4148 approx bytes
INFO  2026-09-11 22:05:16,556 [shard 0:main] timestar.native_index - Flushing MemTable: 4158 bytes >= 4096 threshold
INFO  2026-09-11 22:05:16,556 [shard 0:main] timestar.native_index - SSTable write starting for file 89
INFO  2026-09-11 22:05:16,559 [shard 0:main] timestar.native_index - SSTable write complete: 22 entries, 486 bytes
INFO  2026-09-11 22:05:16,571 [shard 0:main] timestar.native_index - Flushing immutable MemTable: 22 entries, 4158 approx bytes
INFO  2026-09-11 22:05:16,571 [shard 0:main] timestar.native_index - Flushing MemTable: 4158 bytes >= 4096 threshold
INFO  2026-09-11 22:05:16,571 [shard 0:main] timestar.native_index - SSTable write starting for file 90
INFO  2026-09-11 22:05:16,574 [shard 0:main] timestar.native_index - SSTable write complete: 22 entries, 450 bytes
INFO  2026-09-11 22:05:16,586 [shard 0:main] timestar.native_index - Flushing immutable MemTable: 22 entries, 4158 approx bytes
INFO  2026-09-11 22:05:16,586 [shard 0:main] timestar.native_index - Flushing MemTable: 4147 bytes >= 4096 threshold
INFO  2026-09-11 22:05:16,586 [shard 0:main] timestar.native_index - SSTable write starting for file 91
INFO  2026-09-11 22:05:16,589 [shard 0:main] timestar.native_index - SSTable write complete: 22 entries, 448 bytes
INFO  2026-09-11 22:05:16,602 [shard 0:main] timestar.compaction - Compaction L0 -> L1: merged 4 files, 88 keys written, 0 tombstones dropped, 9555 bytes
INFO  2026-09-11 22:05:16,608 [shard 0:main] timestar.native_index - Flushing immutable MemTable: 22 entries, 4147 approx bytes
INFO  2026-09-11 22:05:16,608 [shard 0:main] timestar.native_index - Flushing MemTable: 4132 bytes >= 4096 threshold
INFO  2026-09-11 22:05:16,608 [shard 0:main] timestar.native_index - SSTable write starting for file 93
INFO  2026-09-11 22:05:16,611 [shard 0:main] timestar.native_index - SSTable write complete: 22 entries, 488 bytes
INFO  2026-09-11 22:05:16,625 [shard 0:main] timestar.native_index - Flushing immutable MemTable: 22 entries, 4132 approx bytes
INFO  2026-09-11 22:05:16,625 [shard 0:main] timestar.native_index - Flushing MemTable: 4158 bytes >= 4096 threshold
INFO  2026-09-11 22:05:16,625 [shard 0:main] timestar.native_index - SSTable write starting for file 94
INFO  2026-09-11 22:05:16,629 [shard 0:main] timestar.native_index - SSTable write complete: 22 entries, 453 bytes
INFO  2026-09-11 22:05:16,640 [shard 0:main] timestar.native_index - Flushing immutable MemTable: 22 entries, 4158 approx bytes
INFO  2026-09-11 22:05:16,640 [shard 0:main] timestar.native_index - Flushing MemTable: 4158 bytes >= 4096 threshold
INFO  2026-09-11 22:05:16,640 [shard 0:main] timestar.native_index - SSTable write starting for file 95
INFO  2026-09-11 22:05:16,643 [shard 0:main] timestar.native_index - SSTable write complete: 22 entries, 454 bytes
INFO  2026-09-11 22:05:16,655 [shard 0:main] timestar.native_index - Flushing immutable MemTable: 22 entries, 4158 approx bytes
INFO  2026-09-11 22:05:16,655 [shard 0:main] timestar.native_index - Flushing MemTable: 4158 bytes >= 4096 threshold
INFO  2026-09-11 22:05:16,655 [shard 0:main] timestar.native_index - SSTable write starting for file 96
INFO  2026-09-11 22:05:16,658 [shard 0:main] timestar.native_index - SSTable write complete: 22 entries, 445 bytes
INFO  2026-09-11 22:05:16,671 [shard 0:main] timestar.compaction - Compaction L0 -> L1: merged 4 files, 88 keys written, 0 tombstones dropped, 9555 bytes
INFO  2026-09-11 22:05:16,678 [shard 0:main] timestar.native_index - Flushing immutable MemTable: 22 entries, 4158 approx bytes
INFO  2026-09-11 22:05:16,678 [shard 0:main] timestar.native_index - Flushing MemTable: 4133 bytes >= 4096 threshold
INFO  2026-09-11 22:05:16,678 [shard 0:main] timestar.native_index - SSTable write starting for file 98
INFO  2026-09-11 22:05:16,680 [shard 0:main] timestar.native_index - SSTable write complete: 22 entries, 458 bytes
INFO  2026-09-11 22:05:16,692 [shard 0:main] timestar.native_index - Flushing immutable MemTable: 22 entries, 4133 approx bytes
INFO  2026-09-11 22:05:16,692 [shard 0:main] timestar.native_index - Flushing MemTable: 4146 bytes >= 4096 threshold
INFO  2026-09-11 22:05:16,692 [shard 0:main] timestar.native_index - SSTable write starting for file 99
INFO  2026-09-11 22:05:16,695 [shard 0:main] timestar.native_index - SSTable write complete: 22 entries, 497 bytes
INFO  2026-09-11 22:05:16,707 [shard 0:main] timestar.native_index - Flushing immutable MemTable: 22 entries, 4146 approx bytes
INFO  2026-09-11 22:05:16,707 [shard 0:main] timestar.native_index - Flushing MemTable: 4158 bytes >= 4096 threshold
INFO  2026-09-11 22:05:16,707 [shard 0:main] timestar.native_index - SSTable write starting for file 100
INFO  2026-09-11 22:05:16,710 [shard 0:main] timestar.native_index - SSTable write complete: 22 entries, 484 bytes
INFO  2026-09-11 22:05:16,721 [shard 0:main] timestar.native_index - Flushing immutable MemTable: 22 entries, 4158 approx bytes
INFO  2026-09-11 22:05:16,721 [shard 0:main] timestar.native_index - Flushing MemTable: 4158 bytes >= 4096 threshold
INFO  2026-09-11 22:05:16,721 [shard 0:main] timestar.native_index - SSTable write starting for file 101
INFO  2026-09-11 22:05:16,725 [shard 0:main] timestar.native_index - SSTable write complete: 22 entries, 464 bytes
INFO  2026-09-11 22:05:16,738 [shard 0:main] timestar.compaction - Compaction L0 -> L1: merged 4 files, 88 keys written, 0 tombstones dropped, 9555 bytes
INFO  2026-09-11 22:05:16,743 [shard 0:main] timestar.native_index - Flushing immutable MemTable: 22 entries, 4158 approx bytes
INFO  2026-09-11 22:05:16,743 [shard 0:main] timestar.native_index - Flushing MemTable: 4151 bytes >= 4096 threshold
INFO  2026-09-11 22:05:16,743 [shard 0:main] timestar.native_index - SSTable write starting for file 103
INFO  2026-09-11 22:05:16,746 [shard 0:main] timestar.native_index - SSTable write complete: 22 entries, 442 bytes
INFO  2026-09-11 22:05:16,758 [shard 0:main] timestar.native_index - Flushing immutable MemTable: 22 entries, 4151 approx bytes
INFO  2026-09-11 22:05:16,758 [shard 0:main] timestar.native_index - Flushing MemTable: 4130 bytes >= 4096 threshold
INFO  2026-09-11 22:05:16,758 [shard 0:main] timestar.native_index - SSTable write starting for file 104
INFO  2026-09-11 22:05:16,761 [shard 0:main] timestar.native_index - SSTable write complete: 22 entries, 482 bytes
INFO  2026-09-11 22:05:16,773 [shard 0:main] timestar.native_index - Flushing immutable MemTable: 22 entries, 4130 approx bytes
INFO  2026-09-11 22:05:16,773 [shard 0:main] timestar.native_index - Flushing MemTable: 4156 bytes >= 4096 threshold
INFO  2026-09-11 22:05:16,774 [shard 0:main] timestar.native_index - SSTable write starting for file 105
INFO  2026-09-11 22:05:16,776 [shard 0:main] timestar.native_index - SSTable write complete: 22 entries, 441 bytes
INFO  2026-09-11 22:05:16,788 [shard 0:main] timestar.native_index - Flushing immutable MemTable: 22 entries, 4156 approx bytes
INFO  2026-09-11 22:05:16,788 [shard 0:main] timestar.native_index - Flushing MemTable: 4158 bytes >= 4096 threshold
INFO  2026-09-11 22:05:16,788 [shard 0:main] timestar.native_index - SSTable write starting for file 106
INFO  2026-09-11 22:05:16,791 [shard 0:main] timestar.native_index - SSTable write complete: 22 entries, 469 bytes
INFO  2026-09-11 22:05:16,804 [shard 0:main] timestar.compaction - Compaction L0 -> L1: merged 4 files, 88 keys written, 0 tombstones dropped, 9555 bytes
INFO  2026-09-11 22:05:16,809 [shard 0:main] timestar.native_index - Flushing immutable MemTable: 22 entries, 4158 approx bytes
INFO  2026-09-11 22:05:16,809 [shard 0:main] timestar.native_index - Flushing MemTable: 4158 bytes >= 4096 threshold
INFO  2026-09-11 22:05:16,809 [shard 0:main] timestar.native_index - SSTable write starting for file 108
INFO  2026-09-11 22:05:16,812 [shard 0:main] timestar.native_index - SSTable write complete: 22 entries, 461 bytes
INFO  2026-09-11 22:05:16,827 [shard 0:main] timestar.native_index - Flushing immutable MemTable: 22 entries, 4158 approx bytes
INFO  2026-09-11 22:05:16,827 [shard 0:main] timestar.native_index - Flushing MemTable: 4135 bytes >= 4096 threshold
INFO  2026-09-11 22:05:16,827 [shard 0:main] timestar.native_index - SSTable write starting for file 109
INFO  2026-09-11 22:05:16,830 [shard 0:main] timestar.native_index - SSTable write complete: 22 entries, 449 bytes
INFO  2026-09-11 22:05:16,842 [shard 0:main] timestar.native_index - Flushing immutable MemTable: 22 entries, 4135 approx bytes
INFO  2026-09-11 22:05:16,842 [shard 0:main] timestar.native_index - Flushing MemTable: 4144 bytes >= 4096 threshold
INFO  2026-09-11 22:05:16,842 [shard 0:main] timestar.native_index - SSTable write starting for file 110
INFO  2026-09-11 22:05:16,845 [shard 0:main] timestar.native_index - SSTable write complete: 22 entries, 510 bytes
INFO  2026-09-11 22:05:16,863 [shard 0:main] timestar.native_index - Flushing immutable MemTable: 22 entries, 4144 approx bytes
INFO  2026-09-11 22:05:16,864 [shard 0:main] timestar.native_index - Flushing MemTable: 4158 bytes >= 4096 threshold
INFO  2026-09-11 22:05:16,864 [shard 0:main] timestar.native_index - SSTable write starting for file 111
INFO  2026-09-11 22:05:16,867 [shard 0:main] timestar.native_index - SSTable write complete: 22 entries, 478 bytes
INFO  2026-09-11 22:05:16,880 [shard 0:main] timestar.compaction - Compaction L0 -> L1: merged 4 files, 88 keys written, 0 tombstones dropped, 9555 bytes
INFO  2026-09-11 22:05:16,887 [shard 0:main] timestar.native_index - Flushing immutable MemTable: 22 entries, 4158 approx bytes
INFO  2026-09-11 22:05:16,887 [shard 0:main] timestar.native_index - Flushing MemTable: 4158 bytes >= 4096 threshold
INFO  2026-09-11 22:05:16,887 [shard 0:main] timestar.native_index - SSTable write starting for file 113
INFO  2026-09-11 22:05:16,890 [shard 0:main] timestar.native_index - SSTable write complete: 22 entries, 468 bytes
INFO  2026-09-11 22:05:16,902 [shard 0:main] timestar.native_index - Flushing immutable MemTable: 22 entries, 4158 approx bytes
INFO  2026-09-11 22:05:16,902 [shard 0:main] timestar.native_index - SSTable write starting for file 114
INFO  2026-09-11 22:05:16,905 [shard 0:main] timestar.native_index - SSTable write complete: 22 entries, 458 bytes
INFO  2026-09-11 22:05:16,917 [shard 0:main] timestar.native_index - Flushing immutable MemTable: 21 entries, 3970 approx bytes
INFO  2026-09-11 22:05:16,917 [shard 0:main] timestar.native_index - SSTable write starting for file 115
INFO  2026-09-11 22:05:16,920 [shard 0:main] timestar.native_index - SSTable write complete: 21 entries, 433 bytes
INFO  2026-09-11 22:05:16,940 [shard 0:main] timestar.native_index - NativeIndex closed on shard 0
INFO  2026-09-11 22:05:16,948 [shard 0:main] timestar.native_index - Replayed 1 WAL records into MemTable
INFO  2026-09-11 22:05:16,951 [shard 0:main] timestar.native_index - Flushing immutable MemTable: 1 entries, 82 approx bytes
INFO  2026-09-11 22:05:16,951 [shard 0:main] timestar.native_index - SSTable write starting for file 116
INFO  2026-09-11 22:05:16,954 [shard 0:main] timestar.native_index - SSTable write complete: 1 entries, 128 bytes
INFO  2026-09-11 22:05:16,968 [shard 0:main] timestar.compaction - Compaction L0 -> L1: merged 4 files, 66 keys written, 0 tombstones dropped, 7088 bytes
INFO  2026-09-11 22:05:16,968 [shard 0:main] timestar.native_index - Recovered MemTable flushed to SSTable before WAL reuse
INFO  2026-09-11 22:05:16,974 [shard 0:main] timestar.native_index - NativeIndex opened at: /home/matt/Desktop/source/tsdb/build/allocator-crash-probes/shard_0/native_index (9 SSTables, 1 MemTable entries, 0 local IDs)
INFO  2026-09-11 22:05:16,977 [shard 0:main] timestar.native_index - Flushing immutable MemTable: 1 entries, 81 approx bytes
INFO  2026-09-11 22:05:16,977 [shard 0:main] timestar.native_index - SSTable write starting for file 118
INFO  2026-09-11 22:05:16,980 [shard 0:main] timestar.native_index - SSTable write complete: 1 entries, 128 bytes
INFO  2026-09-11 22:05:17,000 [shard 0:main] timestar.native_index - NativeIndex closed on shard 0
[       OK ] NativeIndexCompactionGateTest.ManyFlushesKeepSSTableCountBounded (1693 ms)
[----------] 1 test from NativeIndexCompactionGateTest (1693 ms total)

[----------] 11 tests from NativeIndexCrudTest
[ RUN      ] NativeIndexCrudTest.BasicIndexOperations
INFO  2026-09-11 22:05:17,016 [shard 0:main] timestar.native_index - NativeIndex opened at: /home/matt/Desktop/source/tsdb/build/allocator-crash-probes/shard_0/native_index (0 SSTables, 2 MemTable entries, 0 local IDs)
INFO  2026-09-11 22:05:17,021 [shard 0:main] timestar.native_index - Flushing immutable MemTable: 26 entries, 19245 approx bytes
INFO  2026-09-11 22:05:17,021 [shard 0:main] timestar.native_index - SSTable write starting for file 1
INFO  2026-09-11 22:05:17,024 [shard 0:main] timestar.native_index - SSTable write complete: 26 entries, 646 bytes
INFO  2026-09-11 22:05:17,044 [shard 0:main] timestar.native_index - NativeIndex closed on shard 0
[       OK ] NativeIndexCrudTest.BasicIndexOperations (44 ms)
[ RUN      ] NativeIndexCrudTest.SeriesIdGeneration
INFO  2026-09-11 22:05:17,060 [shard 0:main] timestar.native_index - NativeIndex opened at: /home/matt/Desktop/source/tsdb/build/allocator-crash-probes/shard_0/native_index (0 SSTables, 2 MemTable entries, 0 local IDs)
INFO  2026-09-11 22:05:17,065 [shard 0:main] timestar.native_index - Flushing immutable MemTable: 30 entries, 19684 approx bytes
INFO  2026-09-11 22:05:17,065 [shard 0:main] timestar.native_index - SSTable write starting for file 1
INFO  2026-09-11 22:05:17,068 [shard 0:main] timestar.native_index - SSTable write complete: 30 entries, 721 bytes
INFO  2026-09-11 22:05:17,088 [shard 0:main] timestar.native_index - NativeIndex closed on shard 0
INFO  2026-09-11 22:05:17,091 [shard 0:main] timestar.native_index - Replayed 1 WAL records into MemTable
INFO  2026-09-11 22:05:17,092 [shard 0:main] timestar.native_index - Flushing immutable MemTable: 1 entries, 82 approx bytes
INFO  2026-09-11 22:05:17,092 [shard 0:main] timestar.native_index - SSTable write starting for file 2
INFO  2026-09-11 22:05:17,095 [shard 0:main] timestar.native_index - SSTable write complete: 1 entries, 128 bytes
INFO  2026-09-11 22:05:17,101 [shard 0:main] timestar.native_index - Recovered MemTable flushed to SSTable before WAL reuse
INFO  2026-09-11 22:05:17,108 [shard 0:main] timestar.native_index - Restored LocalIdMap: 5 mappings
INFO  2026-09-11 22:05:17,108 [shard 0:main] timestar.native_index - Rebuilt blooms for 1 measurements
INFO  2026-09-11 22:05:17,108 [shard 0:main] timestar.native_index - NativeIndex opened at: /home/matt/Desktop/source/tsdb/build/allocator-crash-probes/shard_0/native_index (2 SSTables, 2 MemTable entries, 5 local IDs)
INFO  2026-09-11 22:05:17,110 [shard 0:main] timestar.native_index - Flushing immutable MemTable: 2 entries, 185 approx bytes
INFO  2026-09-11 22:05:17,110 [shard 0:main] timestar.native_index - SSTable write starting for file 3
INFO  2026-09-11 22:05:17,113 [shard 0:main] timestar.native_index - SSTable write complete: 2 entries, 165 bytes
INFO  2026-09-11 22:05:17,133 [shard 0:main] timestar.native_index - NativeIndex closed on shard 0
[       OK ] NativeIndexCrudTest.SeriesIdGeneration (89 ms)
[ RUN      ] NativeIndexCrudTest.MetadataIndexing
INFO  2026-09-11 22:05:17,148 [shard 0:main] timestar.native_index - NativeIndex opened at: /home/matt/Desktop/source/tsdb/build/allocator-crash-probes/shard_0/native_index (0 SSTables, 2 MemTable entries, 0 local IDs)
INFO  2026-09-11 22:05:17,155 [shard 0:main] timestar.native_index - Flushing immutable MemTable: 43 entries, 37620 approx bytes
INFO  2026-09-11 22:05:17,155 [shard 0:main] timestar.native_index - SSTable write starting for file 1
INFO  2026-09-11 22:05:17,158 [shard 0:main] timestar.native_index - SSTable write complete: 43 entries, 989 bytes
INFO  2026-09-11 22:05:17,177 [shard 0:main] timestar.native_index - NativeIndex closed on shard 0
[       OK ] NativeIndexCrudTest.MetadataIndexing (43 ms)
[ RUN      ] NativeIndexCrudTest.FindSeries
INFO  2026-09-11 22:05:17,192 [shard 0:main] timestar.native_index - NativeIndex opened at: /home/matt/Desktop/source/tsdb/build/allocator-crash-probes/shard_0/native_index (0 SSTables, 2 MemTable entries, 0 local IDs)
INFO  2026-09-11 22:05:17,198 [shard 0:main] timestar.native_index - Flushing immutable MemTable: 35 entries, 36478 approx bytes
INFO  2026-09-11 22:05:17,198 [shard 0:main] timestar.native_index - SSTable write starting for file 1
INFO  2026-09-11 22:05:17,202 [shard 0:main] timestar.native_index - SSTable write complete: 35 entries, 773 bytes
INFO  2026-09-11 22:05:17,221 [shard 0:main] timestar.native_index - NativeIndex closed on shard 0
[       OK ] NativeIndexCrudTest.FindSeries (43 ms)
[ RUN      ] NativeIndexCrudTest.FindSeriesByTag
INFO  2026-09-11 22:05:17,236 [shard 0:main] timestar.native_index - NativeIndex opened at: /home/matt/Desktop/source/tsdb/build/allocator-crash-probes/shard_0/native_index (0 SSTables, 2 MemTable entries, 0 local IDs)
INFO  2026-09-11 22:05:17,242 [shard 0:main] timestar.native_index - Flushing immutable MemTable: 24 entries, 19009 approx bytes
INFO  2026-09-11 22:05:17,242 [shard 0:main] timestar.native_index - SSTable write starting for file 1
INFO  2026-09-11 22:05:17,245 [shard 0:main] timestar.native_index - SSTable write complete: 24 entries, 613 bytes
INFO  2026-09-11 22:05:17,264 [shard 0:main] timestar.native_index - NativeIndex closed on shard 0
[       OK ] NativeIndexCrudTest.FindSeriesByTag (43 ms)
[ RUN      ] NativeIndexCrudTest.GetSeriesGroupedByTag
INFO  2026-09-11 22:05:17,279 [shard 0:main] timestar.native_index - NativeIndex opened at: /home/matt/Desktop/source/tsdb/build/allocator-crash-probes/shard_0/native_index (0 SSTables, 2 MemTable entries, 0 local IDs)
INFO  2026-09-11 22:05:17,285 [shard 0:main] timestar.native_index - Flushing immutable MemTable: 38 entries, 20444 approx bytes
INFO  2026-09-11 22:05:17,285 [shard 0:main] timestar.native_index - SSTable write starting for file 1
INFO  2026-09-11 22:05:17,288 [shard 0:main] timestar.native_index - SSTable write complete: 38 entries, 741 bytes
INFO  2026-09-11 22:05:17,308 [shard 0:main] timestar.native_index - NativeIndex closed on shard 0
[       OK ] NativeIndexCrudTest.GetSeriesGroupedByTag (43 ms)
[ RUN      ] NativeIndexCrudTest.FieldTypes
INFO  2026-09-11 22:05:17,323 [shard 0:main] timestar.native_index - NativeIndex opened at: /home/matt/Desktop/source/tsdb/build/allocator-crash-probes/shard_0/native_index (0 SSTables, 2 MemTable entries, 0 local IDs)
INFO  2026-09-11 22:05:17,326 [shard 0:main] timestar.native_index - Flushing immutable MemTable: 6 entries, 579 approx bytes
INFO  2026-09-11 22:05:17,326 [shard 0:main] timestar.native_index - SSTable write starting for file 1
INFO  2026-09-11 22:05:17,332 [shard 0:main] timestar.native_index - SSTable write complete: 6 entries, 228 bytes
INFO  2026-09-11 22:05:17,352 [shard 0:main] timestar.native_index - NativeIndex closed on shard 0
[       OK ] NativeIndexCrudTest.FieldTypes (44 ms)
[ RUN      ] NativeIndexCrudTest.FieldStatistics
INFO  2026-09-11 22:05:17,386 [shard 0:main] timestar.native_index - NativeIndex opened at: /home/matt/Desktop/source/tsdb/build/allocator-crash-probes/shard_0/native_index (0 SSTables, 2 MemTable entries, 0 local IDs)
INFO  2026-09-11 22:05:17,393 [shard 0:main] timestar.native_index - Flushing immutable MemTable: 19 entries, 18469 approx bytes
INFO  2026-09-11 22:05:17,393 [shard 0:main] timestar.native_index - SSTable write starting for file 1
INFO  2026-09-11 22:05:17,396 [shard 0:main] timestar.native_index - SSTable write complete: 19 entries, 537 bytes
INFO  2026-09-11 22:05:17,416 [shard 0:main] timestar.native_index - NativeIndex closed on shard 0
[       OK ] NativeIndexCrudTest.FieldStatistics (63 ms)
[ RUN      ] NativeIndexCrudTest.SeriesMetadata
INFO  2026-09-11 22:05:17,434 [shard 0:main] timestar.native_index - NativeIndex opened at: /home/matt/Desktop/source/tsdb/build/allocator-crash-probes/shard_0/native_index (0 SSTables, 2 MemTable entries, 0 local IDs)
INFO  2026-09-11 22:05:17,443 [shard 0:main] timestar.native_index - Flushing immutable MemTable: 25 entries, 35559 approx bytes
INFO  2026-09-11 22:05:17,443 [shard 0:main] timestar.native_index - SSTable write starting for file 1
INFO  2026-09-11 22:05:17,449 [shard 0:main] timestar.native_index - SSTable write complete: 25 entries, 756 bytes
INFO  2026-09-11 22:05:17,469 [shard 0:main] timestar.native_index - NativeIndex closed on shard 0
[       OK ] NativeIndexCrudTest.SeriesMetadata (53 ms)
[ RUN      ] NativeIndexCrudTest.GetAllMeasurements
INFO  2026-09-11 22:05:17,485 [shard 0:main] timestar.native_index - NativeIndex opened at: /home/matt/Desktop/source/tsdb/build/allocator-crash-probes/shard_0/native_index (0 SSTables, 2 MemTable entries, 0 local IDs)
INFO  2026-09-11 22:05:17,491 [shard 0:main] timestar.native_index - Flushing immutable MemTable: 44 entries, 70025 approx bytes
INFO  2026-09-11 22:05:17,491 [shard 0:main] timestar.native_index - SSTable write starting for file 1
INFO  2026-09-11 22:05:17,493 [shard 0:main] timestar.native_index - SSTable write complete: 44 entries, 1031 bytes
INFO  2026-09-11 22:05:17,513 [shard 0:main] timestar.native_index - NativeIndex closed on shard 0
[       OK ] NativeIndexCrudTest.GetAllMeasurements (44 ms)
[ RUN      ] NativeIndexCrudTest.OpenCloseLifecycle
INFO  2026-09-11 22:05:17,529 [shard 0:main] timestar.native_index - NativeIndex opened at: /home/matt/Desktop/source/tsdb/build/allocator-crash-probes/shard_0/native_index (0 SSTables, 2 MemTable entries, 0 local IDs)
INFO  2026-09-11 22:05:17,535 [shard 0:main] timestar.native_index - Flushing immutable MemTable: 12 entries, 17623 approx bytes
INFO  2026-09-11 22:05:17,535 [shard 0:main] timestar.native_index - SSTable write starting for file 1
INFO  2026-09-11 22:05:17,538 [shard 0:main] timestar.native_index - SSTable write complete: 12 entries, 410 bytes
INFO  2026-09-11 22:05:17,557 [shard 0:main] timestar.native_index - NativeIndex closed on shard 0
INFO  2026-09-11 22:05:17,560 [shard 0:main] timestar.native_index - Replayed 1 WAL records into MemTable
INFO  2026-09-11 22:05:17,561 [shard 0:main] timestar.native_index - Flushing immutable MemTable: 1 entries, 82 approx bytes
INFO  2026-09-11 22:05:17,561 [shard 0:main] timestar.native_index - SSTable write starting for file 2
INFO  2026-09-11 22:05:17,564 [shard 0:main] timestar.native_index - SSTable write complete: 1 entries, 128 bytes
INFO  2026-09-11 22:05:17,570 [shard 0:main] timestar.native_index - Recovered MemTable flushed to SSTable before WAL reuse
INFO  2026-09-11 22:05:17,576 [shard 0:main] timestar.native_index - Restored LocalIdMap: 1 mappings
INFO  2026-09-11 22:05:17,577 [shard 0:main] timestar.native_index - Rebuilt blooms for 1 measurements
INFO  2026-09-11 22:05:17,577 [shard 0:main] timestar.native_index - NativeIndex opened at: /home/matt/Desktop/source/tsdb/build/allocator-crash-probes/shard_0/native_index (2 SSTables, 2 MemTable entries, 1 local IDs)
INFO  2026-09-11 22:05:17,579 [shard 0:main] timestar.native_index - Flushing immutable MemTable: 2 entries, 190 approx bytes
INFO  2026-09-11 22:05:17,579 [shard 0:main] timestar.native_index - SSTable write starting for file 3
INFO  2026-09-11 22:05:17,582 [shard 0:main] timestar.native_index - SSTable write complete: 2 entries, 175 bytes
INFO  2026-09-11 22:05:17,602 [shard 0:main] timestar.native_index - NativeIndex closed on shard 0
INFO  2026-09-11 22:05:17,606 [shard 0:main] timestar.native_index - Replayed 1 WAL records into MemTable
INFO  2026-09-11 22:05:17,606 [shard 0:main] timestar.native_index - Flushing immutable MemTable: 1 entries, 82 approx bytes
INFO  2026-09-11 22:05:17,606 [shard 0:main] timestar.native_index - SSTable write starting for file 4
INFO  2026-09-11 22:05:17,609 [shard 0:main] timestar.native_index - SSTable write complete: 1 entries, 128 bytes
INFO  2026-09-11 22:05:17,622 [shard 0:main] timestar.compaction - Compaction L0 -> L1: merged 4 files, 13 keys written, 0 tombstones dropped, 16665 bytes
INFO  2026-09-11 22:05:17,622 [shard 0:main] timestar.native_index - Recovered MemTable flushed to SSTable before WAL reuse
INFO  2026-09-11 22:05:17,629 [shard 0:main] timestar.native_index - Restored LocalIdMap: 1 mappings
INFO  2026-09-11 22:05:17,629 [shard 0:main] timestar.native_index - Rebuilt blooms for 1 measurements
INFO  2026-09-11 22:05:17,629 [shard 0:main] timestar.native_index - NativeIndex opened at: /home/matt/Desktop/source/tsdb/build/allocator-crash-probes/shard_0/native_index (1 SSTables, 2 MemTable entries, 1 local IDs)
INFO  2026-09-11 22:05:17,632 [shard 0:main] timestar.native_index - Replayed 3 WAL records into MemTable
INFO  2026-09-11 22:05:17,633 [shard 0:main] timestar.native_index - Flushing immutable MemTable: 9 entries, 926 approx bytes
INFO  2026-09-11 22:05:17,633 [shard 0:main] timestar.native_index - SSTable write starting for file 6
INFO  2026-09-11 22:05:17,635 [shard 0:main] timestar.native_index - SSTable write complete: 9 entries, 288 bytes
INFO  2026-09-11 22:05:17,641 [shard 0:main] timestar.native_index - Recovered MemTable flushed to SSTable before WAL reuse
INFO  2026-09-11 22:05:17,641 [shard 0:main] timestar.native_index - Restored LocalIdMap: 2 mappings
INFO  2026-09-11 22:05:17,641 [shard 0:main] timestar.native_index - Repaired postings for 1 series in crash window [1, 2)
INFO  2026-09-11 22:05:17,641 [shard 0:main] timestar.native_index - Rebuilt blooms for 1 measurements
INFO  2026-09-11 22:05:17,641 [shard 0:main] timestar.native_index - NativeIndex opened at: /home/matt/Desktop/source/tsdb/build/allocator-crash-probes/shard_0/native_index (2 SSTables, 1 MemTable entries, 2 local IDs)
INFO  2026-09-11 22:05:17,647 [shard 0:main] timestar.native_index - Flushing immutable MemTable: 4 entries, 403 approx bytes
INFO  2026-09-11 22:05:17,647 [shard 0:main] timestar.native_index - SSTable write starting for file 7
INFO  2026-09-11 22:05:17,650 [shard 0:main] timestar.native_index - SSTable write complete: 4 entries, 198 bytes
INFO  2026-09-11 22:05:17,670 [shard 0:main] timestar.native_index - NativeIndex closed on shard 0
[       OK ] NativeIndexCrudTest.OpenCloseLifecycle (156 ms)
[----------] 11 tests from NativeIndexCrudTest (669 ms total)

[----------] 4 tests from NativeIndexEnhancedTest
[ RUN      ] NativeIndexEnhancedTest.FindSeriesByTag
INFO  2026-09-11 22:05:17,685 [shard 0:main] timestar.native_index - NativeIndex opened at: /home/matt/Desktop/source/tsdb/build/allocator-crash-probes/shard_0/native_index (0 SSTables, 2 MemTable entries, 0 local IDs)
INFO  2026-09-11 22:05:17,691 [shard 0:main] timestar.native_index - Flushing immutable MemTable: 24 entries, 19011 approx bytes
INFO  2026-09-11 22:05:17,691 [shard 0:main] timestar.native_index - SSTable write starting for file 1
INFO  2026-09-11 22:05:17,694 [shard 0:main] timestar.native_index - SSTable write complete: 24 entries, 578 bytes
INFO  2026-09-11 22:05:17,713 [shard 0:main] timestar.native_index - NativeIndex closed on shard 0
[       OK ] NativeIndexEnhancedTest.FindSeriesByTag (43 ms)
[ RUN      ] NativeIndexEnhancedTest.GetSeriesGroupedByTag
INFO  2026-09-11 22:05:17,729 [shard 0:main] timestar.native_index - NativeIndex opened at: /home/matt/Desktop/source/tsdb/build/allocator-crash-probes/shard_0/native_index (0 SSTables, 2 MemTable entries, 0 local IDs)
INFO  2026-09-11 22:05:17,734 [shard 0:main] timestar.native_index - Flushing immutable MemTable: 29 entries, 19496 approx bytes
INFO  2026-09-11 22:05:17,734 [shard 0:main] timestar.native_index - SSTable write starting for file 1
INFO  2026-09-11 22:05:17,737 [shard 0:main] timestar.native_index - SSTable write complete: 29 entries, 630 bytes
INFO  2026-09-11 22:05:17,756 [shard 0:main] timestar.native_index - NativeIndex closed on shard 0
[       OK ] NativeIndexEnhancedTest.GetSeriesGroupedByTag (43 ms)
[ RUN      ] NativeIndexEnhancedTest.FieldStatistics
INFO  2026-09-11 22:05:17,773 [shard 0:main] timestar.native_index - NativeIndex opened at: /home/matt/Desktop/source/tsdb/build/allocator-crash-probes/shard_0/native_index (0 SSTables, 2 MemTable entries, 0 local IDs)
INFO  2026-09-11 22:05:17,778 [shard 0:main] timestar.native_index - Flushing immutable MemTable: 13 entries, 17748 approx bytes
INFO  2026-09-11 22:05:17,778 [shard 0:main] timestar.native_index - SSTable write starting for file 1
INFO  2026-09-11 22:05:17,781 [shard 0:main] timestar.native_index - SSTable write complete: 13 entries, 433 bytes
INFO  2026-09-11 22:05:17,801 [shard 0:main] timestar.native_index - NativeIndex closed on shard 0
[       OK ] NativeIndexEnhancedTest.FieldStatistics (44 ms)
[ RUN      ] NativeIndexEnhancedTest.ComplexTagQueries
INFO  2026-09-11 22:05:17,817 [shard 0:main] timestar.native_index - NativeIndex opened at: /home/matt/Desktop/source/tsdb/build/allocator-crash-probes/shard_0/native_index (0 SSTables, 2 MemTable entries, 0 local IDs)
INFO  2026-09-11 22:05:17,823 [shard 0:main] timestar.native_index - Flushing immutable MemTable: 57 entries, 22801 approx bytes
INFO  2026-09-11 22:05:17,823 [shard 0:main] timestar.native_index - SSTable write starting for file 1
INFO  2026-09-11 22:05:17,826 [shard 0:main] timestar.native_index - SSTable write complete: 57 entries, 1085 bytes
INFO  2026-09-11 22:05:17,845 [shard 0:main] timestar.native_index - NativeIndex closed on shard 0
[       OK ] NativeIndexEnhancedTest.ComplexTagQueries (44 ms)
[----------] 4 tests from NativeIndexEnhancedTest (175 ms total)

[----------] 7 tests from NativeIndexFieldTypeTest
[ RUN      ] NativeIndexFieldTypeTest.IndexInsertStoresFloatType
INFO  2026-09-11 22:05:17,860 [shard 0:main] timestar.native_index - NativeIndex opened at: /home/matt/Desktop/source/tsdb/build/allocator-crash-probes/shard_0/native_index (0 SSTables, 2 MemTable entries, 0 local IDs)
INFO  2026-09-11 22:05:17,866 [shard 0:main] timestar.native_index - Flushing immutable MemTable: 14 entries, 17838 approx bytes
INFO  2026-09-11 22:05:17,866 [shard 0:main] timestar.native_index - SSTable write starting for file 1
INFO  2026-09-11 22:05:17,869 [shard 0:main] timestar.native_index - SSTable write complete: 14 entries, 436 bytes
INFO  2026-09-11 22:05:17,889 [shard 0:main] timestar.native_index - NativeIndex closed on shard 0
[       OK ] NativeIndexFieldTypeTest.IndexInsertStoresFloatType (43 ms)
[ RUN      ] NativeIndexFieldTypeTest.IndexInsertStoresBooleanType
INFO  2026-09-11 22:05:17,903 [shard 0:main] timestar.native_index - NativeIndex opened at: /home/matt/Desktop/source/tsdb/build/allocator-crash-probes/shard_0/native_index (0 SSTables, 2 MemTable entries, 0 local IDs)
INFO  2026-09-11 22:05:17,910 [shard 0:main] timestar.native_index - Flushing immutable MemTable: 14 entries, 17802 approx bytes
INFO  2026-09-11 22:05:17,910 [shard 0:main] timestar.native_index - SSTable write starting for file 1
INFO  2026-09-11 22:05:17,912 [shard 0:main] timestar.native_index - SSTable write complete: 14 entries, 422 bytes
INFO  2026-09-11 22:05:17,932 [shard 0:main] timestar.native_index - NativeIndex closed on shard 0
[       OK ] NativeIndexFieldTypeTest.IndexInsertStoresBooleanType (43 ms)
[ RUN      ] NativeIndexFieldTypeTest.IndexInsertStoresStringType
INFO  2026-09-11 22:05:17,947 [shard 0:main] timestar.native_index - NativeIndex opened at: /home/matt/Desktop/source/tsdb/build/allocator-crash-probes/shard_0/native_index (0 SSTables, 2 MemTable entries, 0 local IDs)
INFO  2026-09-11 22:05:17,953 [shard 0:main] timestar.native_index - Flushing immutable MemTable: 14 entries, 17765 approx bytes
INFO  2026-09-11 22:05:17,953 [shard 0:main] timestar.native_index - SSTable write starting for file 1
INFO  2026-09-11 22:05:17,956 [shard 0:main] timestar.native_index - SSTable write complete: 14 entries, 416 bytes
INFO  2026-09-11 22:05:17,975 [shard 0:main] timestar.native_index - NativeIndex closed on shard 0
[       OK ] NativeIndexFieldTypeTest.IndexInsertStoresStringType (43 ms)
[ RUN      ] NativeIndexFieldTypeTest.MultipleFieldTypesSameMeasurement
INFO  2026-09-11 22:05:17,991 [shard 0:main] timestar.native_index - NativeIndex opened at: /home/matt/Desktop/source/tsdb/build/allocator-crash-probes/shard_0/native_index (0 SSTables, 2 MemTable entries, 0 local IDs)
INFO  2026-09-11 22:05:17,997 [shard 0:main] timestar.native_index - Flushing immutable MemTable: 22 entries, 18723 approx bytes
INFO  2026-09-11 22:05:17,997 [shard 0:main] timestar.native_index - SSTable write starting for file 1
INFO  2026-09-11 22:05:18,000 [shard 0:main] timestar.native_index - SSTable write complete: 22 entries, 581 bytes
INFO  2026-09-11 22:05:18,019 [shard 0:main] timestar.native_index - NativeIndex closed on shard 0
[       OK ] NativeIndexFieldTypeTest.MultipleFieldTypesSameMeasurement (43 ms)
[ RUN      ] NativeIndexFieldTypeTest.IdempotentFieldType
INFO  2026-09-11 22:05:18,034 [shard 0:main] timestar.native_index - NativeIndex opened at: /home/matt/Desktop/source/tsdb/build/allocator-crash-probes/shard_0/native_index (0 SSTables, 2 MemTable entries, 0 local IDs)
INFO  2026-09-11 22:05:18,040 [shard 0:main] timestar.native_index - Flushing immutable MemTable: 14 entries, 17816 approx bytes
INFO  2026-09-11 22:05:18,040 [shard 0:main] timestar.native_index - SSTable write starting for file 1
INFO  2026-09-11 22:05:18,043 [shard 0:main] timestar.native_index - SSTable write complete: 14 entries, 429 bytes
INFO  2026-09-11 22:05:18,062 [shard 0:main] timestar.native_index - NativeIndex closed on shard 0
[       OK ] NativeIndexFieldTypeTest.IdempotentFieldType (43 ms)
[ RUN      ] NativeIndexFieldTypeTest.FieldTypePersistence
INFO  2026-09-11 22:05:18,078 [shard 0:main] timestar.native_index - NativeIndex opened at: /home/matt/Desktop/source/tsdb/build/allocator-crash-probes/shard_0/native_index (0 SSTables, 2 MemTable entries, 0 local IDs)
INFO  2026-09-11 22:05:18,083 [shard 0:main] timestar.native_index - Flushing immutable MemTable: 18 entries, 18313 approx bytes
INFO  2026-09-11 22:05:18,083 [shard 0:main] timestar.native_index - SSTable write starting for file 1
INFO  2026-09-11 22:05:18,086 [shard 0:main] timestar.native_index - SSTable write complete: 18 entries, 514 bytes
INFO  2026-09-11 22:05:18,106 [shard 0:main] timestar.native_index - NativeIndex closed on shard 0
INFO  2026-09-11 22:05:18,109 [shard 0:main] timestar.native_index - Replayed 1 WAL records into MemTable
INFO  2026-09-11 22:05:18,110 [shard 0:main] timestar.native_index - Flushing immutable MemTable: 1 entries, 82 approx bytes
INFO  2026-09-11 22:05:18,110 [shard 0:main] timestar.native_index - SSTable write starting for file 2
INFO  2026-09-11 22:05:18,112 [shard 0:main] timestar.native_index - SSTable write complete: 1 entries, 128 bytes
INFO  2026-09-11 22:05:18,119 [shard 0:main] timestar.native_index - Recovered MemTable flushed to SSTable before WAL reuse
INFO  2026-09-11 22:05:18,125 [shard 0:main] timestar.native_index - Restored LocalIdMap: 2 mappings
INFO  2026-09-11 22:05:18,125 [shard 0:main] timestar.native_index - Rebuilt blooms for 1 measurements
INFO  2026-09-11 22:05:18,125 [shard 0:main] timestar.native_index - NativeIndex opened at: /home/matt/Desktop/source/tsdb/build/allocator-crash-probes/shard_0/native_index (2 SSTables, 2 MemTable entries, 2 local IDs)
INFO  2026-09-11 22:05:18,128 [shard 0:main] timestar.native_index - Flushing immutable MemTable: 2 entries, 191 approx bytes
INFO  2026-09-11 22:05:18,128 [shard 0:main] timestar.native_index - SSTable write starting for file 3
INFO  2026-09-11 22:05:18,130 [shard 0:main] timestar.native_index - SSTable write complete: 2 entries, 177 bytes
INFO  2026-09-11 22:05:18,150 [shard 0:main] timestar.native_index - NativeIndex closed on shard 0
[       OK ] NativeIndexFieldTypeTest.FieldTypePersistence (87 ms)
[ RUN      ] NativeIndexFieldTypeTest.UnknownFieldTypeReturnsEmpty
INFO  2026-09-11 22:05:18,165 [shard 0:main] timestar.native_index - NativeIndex opened at: /home/matt/Desktop/source/tsdb/build/allocator-crash-probes/shard_0/native_index (0 SSTables, 2 MemTable entries, 0 local IDs)
INFO  2026-09-11 22:05:18,171 [shard 0:main] timestar.native_index - Flushing immutable MemTable: 12 entries, 17660 approx bytes
INFO  2026-09-11 22:05:18,171 [shard 0:main] timestar.native_index - SSTable write starting for file 1
INFO  2026-09-11 22:05:18,174 [shard 0:main] timestar.native_index - SSTable write complete: 12 entries, 430 bytes
INFO  2026-09-11 22:05:18,193 [shard 0:main] timestar.native_index - NativeIndex closed on shard 0
[       OK ] NativeIndexFieldTypeTest.UnknownFieldTypeReturnsEmpty (43 ms)
[----------] 7 tests from NativeIndexFieldTypeTest (347 ms total)

[----------] 3 tests from NativeIndexMinimalTest
[ RUN      ] NativeIndexMinimalTest.OpenAndClose
About to open index...
INFO  2026-09-11 22:05:18,208 [shard 0:main] timestar.native_index - NativeIndex opened at: /home/matt/Desktop/source/tsdb/build/allocator-crash-probes/shard_0/native_index (0 SSTables, 2 MemTable entries, 0 local IDs)
Index opened successfully
INFO  2026-09-11 22:05:18,211 [shard 0:main] timestar.native_index - Flushing immutable MemTable: 2 entries, 167 approx bytes
INFO  2026-09-11 22:05:18,211 [shard 0:main] timestar.native_index - SSTable write starting for file 1
INFO  2026-09-11 22:05:18,214 [shard 0:main] timestar.native_index - SSTable write complete: 2 entries, 136 bytes
INFO  2026-09-11 22:05:18,233 [shard 0:main] timestar.native_index - NativeIndex closed on shard 0
Index closed successfully
[       OK ] NativeIndexMinimalTest.OpenAndClose (39 ms)
[ RUN      ] NativeIndexMinimalTest.CreateSimpleSeries
INFO  2026-09-11 22:05:18,249 [shard 0:main] timestar.native_index - NativeIndex opened at: /home/matt/Desktop/source/tsdb/build/allocator-crash-probes/shard_0/native_index (0 SSTables, 2 MemTable entries, 0 local IDs)
Index opened
About to call getOrCreateSeriesId...
Created series with ID: 2e173c6b0089d662531ec726dbddf58a
INFO  2026-09-11 22:05:18,255 [shard 0:main] timestar.native_index - Flushing immutable MemTable: 9 entries, 17220 approx bytes
INFO  2026-09-11 22:05:18,255 [shard 0:main] timestar.native_index - SSTable write starting for file 1
INFO  2026-09-11 22:05:18,259 [shard 0:main] timestar.native_index - SSTable write complete: 9 entries, 313 bytes
INFO  2026-09-11 22:05:18,278 [shard 0:main] timestar.native_index - NativeIndex closed on shard 0
Index closed
[       OK ] NativeIndexMinimalTest.CreateSimpleSeries (44 ms)
[ RUN      ] NativeIndexMinimalTest.CreateSeriesWithTags
INFO  2026-09-11 22:05:18,293 [shard 0:main] timestar.native_index - NativeIndex opened at: /home/matt/Desktop/source/tsdb/build/allocator-crash-probes/shard_0/native_index (0 SSTables, 2 MemTable entries, 0 local IDs)
Index opened
Created TimeStarInsert with tags
Created series with ID: be5bdf3bebeab51292f3cba191704374
INFO  2026-09-11 22:05:18,299 [shard 0:main] timestar.native_index - Flushing immutable MemTable: 13 entries, 17644 approx bytes
INFO  2026-09-11 22:05:18,299 [shard 0:main] timestar.native_index - SSTable write starting for file 1
INFO  2026-09-11 22:05:18,302 [shard 0:main] timestar.native_index - SSTable write complete: 13 entries, 394 bytes
INFO  2026-09-11 22:05:18,321 [shard 0:main] timestar.native_index - NativeIndex closed on shard 0
[       OK ] NativeIndexMinimalTest.CreateSeriesWithTags (43 ms)
[----------] 3 tests from NativeIndexMinimalTest (128 ms total)

[----------] 17 tests from NativeIndexTest
[ RUN      ] NativeIndexTest.OpenAndClose
INFO  2026-09-11 22:05:18,337 [shard 0:main] timestar.native_index - NativeIndex opened at: /home/matt/Desktop/source/tsdb/build/allocator-crash-probes/shard_0/native_index (0 SSTables, 2 MemTable entries, 0 local IDs)
INFO  2026-09-11 22:05:18,339 [shard 0:main] timestar.native_index - Flushing immutable MemTable: 2 entries, 167 approx bytes
INFO  2026-09-11 22:05:18,340 [shard 0:main] timestar.native_index - SSTable write starting for file 1
INFO  2026-09-11 22:05:18,342 [shard 0:main] timestar.native_index - SSTable write complete: 2 entries, 136 bytes
INFO  2026-09-11 22:05:18,362 [shard 0:main] timestar.native_index - NativeIndex closed on shard 0
[       OK ] NativeIndexTest.OpenAndClose (40 ms)
[ RUN      ] NativeIndexTest.CrashWindowPostingsRepair
INFO  2026-09-11 22:05:18,377 [shard 0:main] timestar.native_index - NativeIndex opened at: /home/matt/Desktop/source/tsdb/build/allocator-crash-probes/shard_0/native_index (0 SSTables, 2 MemTable entries, 0 local IDs)
INFO  2026-09-11 22:05:18,383 [shard 0:main] timestar.native_index - Flushing immutable MemTable: 12 entries, 17554 approx bytes
INFO  2026-09-11 22:05:18,383 [shard 0:main] timestar.native_index - SSTable write starting for file 1
INFO  2026-09-11 22:05:18,386 [shard 0:main] timestar.native_index - SSTable write complete: 12 entries, 376 bytes
INFO  2026-09-11 22:05:18,406 [shard 0:main] timestar.native_index - NativeIndex closed on shard 0
INFO  2026-09-11 22:05:18,409 [shard 0:main] timestar.native_index - Replayed 1 WAL records into MemTable
INFO  2026-09-11 22:05:18,409 [shard 0:main] timestar.native_index - Flushing immutable MemTable: 1 entries, 82 approx bytes
INFO  2026-09-11 22:05:18,409 [shard 0:main] timestar.native_index - SSTable write starting for file 2
INFO  2026-09-11 22:05:18,412 [shard 0:main] timestar.native_index - SSTable write complete: 1 entries, 128 bytes
INFO  2026-09-11 22:05:18,418 [shard 0:main] timestar.native_index - Recovered MemTable flushed to SSTable before WAL reuse
INFO  2026-09-11 22:05:18,424 [shard 0:main] timestar.native_index - Restored LocalIdMap: 1 mappings
INFO  2026-09-11 22:05:18,424 [shard 0:main] timestar.native_index - Rebuilt blooms for 1 measurements
INFO  2026-09-11 22:05:18,424 [shard 0:main] timestar.native_index - NativeIndex opened at: /home/matt/Desktop/source/tsdb/build/allocator-crash-probes/shard_0/native_index (2 SSTables, 2 MemTable entries, 1 local IDs)
INFO  2026-09-11 22:05:18,428 [shard 0:main] timestar.native_index - Replayed 3 WAL records into MemTable
INFO  2026-09-11 22:05:18,429 [shard 0:main] timestar.native_index - Flushing immutable MemTable: 8 entries, 774 approx bytes
INFO  2026-09-11 22:05:18,429 [shard 0:main] timestar.native_index - SSTable write starting for file 3
INFO  2026-09-11 22:05:18,431 [shard 0:main] timestar.native_index - SSTable write complete: 8 entries, 252 bytes
INFO  2026-09-11 22:05:18,437 [shard 0:main] timestar.native_index - Recovered MemTable flushed to SSTable before WAL reuse
INFO  2026-09-11 22:05:18,437 [shard 0:main] timestar.native_index - Restored LocalIdMap: 2 mappings
INFO  2026-09-11 22:05:18,437 [shard 0:main] timestar.native_index - Repaired postings for 1 series in crash window [1, 2)
INFO  2026-09-11 22:05:18,437 [shard 0:main] timestar.native_index - Rebuilt blooms for 1 measurements
INFO  2026-09-11 22:05:18,437 [shard 0:main] timestar.native_index - NativeIndex opened at: /home/matt/Desktop/source/tsdb/build/allocator-crash-probes/shard_0/native_index (3 SSTables, 1 MemTable entries, 2 local IDs)
INFO  2026-09-11 22:05:18,443 [shard 0:main] timestar.native_index - Flushing immutable MemTable: 4 entries, 387 approx bytes
INFO  2026-09-11 22:05:18,443 [shard 0:main] timestar.native_index - SSTable write starting for file 4
INFO  2026-09-11 22:05:18,446 [shard 0:main] timestar.native_index - SSTable write complete: 4 entries, 187 bytes
INFO  2026-09-11 22:05:18,460 [shard 0:main] timestar.compaction - Compaction L0 -> L1: merged 4 files, 18 keys written, 0 tombstones dropped, 16730 bytes
INFO  2026-09-11 22:05:18,473 [shard 0:main] timestar.native_index - NativeIndex closed on shard 0
[       OK ] NativeIndexTest.CrashWindowPostingsRepair (111 ms)
[ RUN      ] NativeIndexTest.WalRecoverySurvivesReopenAndSecondCrash
INFO  2026-09-11 22:05:18,489 [shard 0:main] timestar.native_index - NativeIndex opened at: /home/matt/Desktop/source/tsdb/build/allocator-crash-probes/shard_0/native_index (0 SSTables, 2 MemTable entries, 0 local IDs)
INFO  2026-09-11 22:05:18,492 [shard 0:main] timestar.native_index - Replayed 3 WAL records into MemTable
INFO  2026-09-11 22:05:18,492 [shard 0:main] timestar.native_index - Flushing immutable MemTable: 9 entries, 858 approx bytes
INFO  2026-09-11 22:05:18,492 [shard 0:main] timestar.native_index - SSTable write starting for file 1
INFO  2026-09-11 22:05:18,495 [shard 0:main] timestar.native_index - SSTable write complete: 9 entries, 251 bytes
INFO  2026-09-11 22:05:18,501 [shard 0:main] timestar.native_index - Recovered MemTable flushed to SSTable before WAL reuse
INFO  2026-09-11 22:05:18,501 [shard 0:main] timestar.native_index - Restored LocalIdMap: 1 mappings
INFO  2026-09-11 22:05:18,501 [shard 0:main] timestar.native_index - Repaired postings for 1 series in crash window [0, 1)
INFO  2026-09-11 22:05:18,501 [shard 0:main] timestar.native_index - Rebuilt blooms for 1 measurements
INFO  2026-09-11 22:05:18,501 [shard 0:main] timestar.native_index - NativeIndex opened at: /home/matt/Desktop/source/tsdb/build/allocator-crash-probes/shard_0/native_index (1 SSTables, 1 MemTable entries, 1 local IDs)
INFO  2026-09-11 22:05:18,506 [shard 0:main] timestar.native_index - Replayed 2 WAL records into MemTable
INFO  2026-09-11 22:05:18,506 [shard 0:main] timestar.native_index - Flushing immutable MemTable: 9 entries, 883 approx bytes
INFO  2026-09-11 22:05:18,506 [shard 0:main] timestar.native_index - SSTable write starting for file 2
INFO  2026-09-11 22:05:18,509 [shard 0:main] timestar.native_index - SSTable write complete: 9 entries, 263 bytes
INFO  2026-09-11 22:05:18,515 [shard 0:main] timestar.native_index - Recovered MemTable flushed to SSTable before WAL reuse
INFO  2026-09-11 22:05:18,515 [shard 0:main] timestar.native_index - Restored LocalIdMap: 2 mappings
INFO  2026-09-11 22:05:18,515 [shard 0:main] timestar.native_index - Repaired postings for 2 series in crash window [0, 2)
INFO  2026-09-11 22:05:18,515 [shard 0:main] timestar.native_index - Rebuilt blooms for 2 measurements
INFO  2026-09-11 22:05:18,515 [shard 0:main] timestar.native_index - NativeIndex opened at: /home/matt/Desktop/source/tsdb/build/allocator-crash-probes/shard_0/native_index (2 SSTables, 2 MemTable entries, 2 local IDs)
INFO  2026-09-11 22:05:18,520 [shard 0:main] timestar.native_index - Flushing immutable MemTable: 6 entries, 602 approx bytes
INFO  2026-09-11 22:05:18,520 [shard 0:main] timestar.native_index - SSTable write starting for file 3
INFO  2026-09-11 22:05:18,523 [shard 0:main] timestar.native_index - SSTable write complete: 6 entries, 211 bytes
INFO  2026-09-11 22:05:18,543 [shard 0:main] timestar.native_index - NativeIndex closed on shard 0
[       OK ] NativeIndexTest.WalRecoverySurvivesReopenAndSecondCrash (69 ms)
[ RUN      ] NativeIndexTest.CreateAndRetrieveSeries
INFO  2026-09-11 22:05:18,559 [shard 0:main] timestar.native_index - NativeIndex opened at: /home/matt/Desktop/source/tsdb/build/allocator-crash-probes/shard_0/native_index (0 SSTables, 2 MemTable entries, 0 local IDs)
INFO  2026-09-11 22:05:18,564 [shard 0:main] timestar.native_index - Flushing immutable MemTable: 17 entries, 18170 approx bytes
INFO  2026-09-11 22:05:18,564 [shard 0:main] timestar.native_index - SSTable write starting for file 1
INFO  2026-09-11 22:05:18,567 [shard 0:main] timestar.native_index - SSTable write complete: 17 entries, 476 bytes
INFO  2026-09-11 22:05:18,586 [shard 0:main] timestar.native_index - NativeIndex closed on shard 0
[       OK ] NativeIndexTest.CreateAndRetrieveSeries (43 ms)
[ RUN      ] NativeIndexTest.GetSeriesMetadata
INFO  2026-09-11 22:05:18,601 [shard 0:main] timestar.native_index - NativeIndex opened at: /home/matt/Desktop/source/tsdb/build/allocator-crash-probes/shard_0/native_index (0 SSTables, 2 MemTable entries, 0 local IDs)
INFO  2026-09-11 22:05:18,608 [shard 0:main] timestar.native_index - Flushing immutable MemTable: 14 entries, 17769 approx bytes
INFO  2026-09-11 22:05:18,608 [shard 0:main] timestar.native_index - SSTable write starting for file 1
INFO  2026-09-11 22:05:18,613 [shard 0:main] timestar.native_index - SSTable write complete: 14 entries, 418 bytes
INFO  2026-09-11 22:05:18,633 [shard 0:main] timestar.native_index - NativeIndex closed on shard 0
[       OK ] NativeIndexTest.GetSeriesMetadata (47 ms)
[ RUN      ] NativeIndexTest.FieldsAndTags
INFO  2026-09-11 22:05:18,648 [shard 0:main] timestar.native_index - NativeIndex opened at: /home/matt/Desktop/source/tsdb/build/allocator-crash-probes/shard_0/native_index (0 SSTables, 2 MemTable entries, 0 local IDs)
INFO  2026-09-11 22:05:18,654 [shard 0:main] timestar.native_index - Flushing immutable MemTable: 17 entries, 18179 approx bytes
INFO  2026-09-11 22:05:18,654 [shard 0:main] timestar.native_index - SSTable write starting for file 1
INFO  2026-09-11 22:05:18,657 [shard 0:main] timestar.native_index - SSTable write complete: 17 entries, 486 bytes
INFO  2026-09-11 22:05:18,676 [shard 0:main] timestar.native_index - NativeIndex closed on shard 0
[       OK ] NativeIndexTest.FieldsAndTags (43 ms)
[ RUN      ] NativeIndexTest.FieldType
INFO  2026-09-11 22:05:18,692 [shard 0:main] timestar.native_index - NativeIndex opened at: /home/matt/Desktop/source/tsdb/build/allocator-crash-probes/shard_0/native_index (0 SSTables, 2 MemTable entries, 0 local IDs)
INFO  2026-09-11 22:05:18,695 [shard 0:main] timestar.native_index - Flushing immutable MemTable: 3 entries, 272 approx bytes
INFO  2026-09-11 22:05:18,695 [shard 0:main] timestar.native_index - SSTable write starting for file 1
INFO  2026-09-11 22:05:18,698 [shard 0:main] timestar.native_index - SSTable write complete: 3 entries, 183 bytes
INFO  2026-09-11 22:05:18,718 [shard 0:main] timestar.native_index - NativeIndex closed on shard 0
[       OK ] NativeIndexTest.FieldType (41 ms)
[ RUN      ] NativeIndexTest.FindSeriesByTag
INFO  2026-09-11 22:05:18,733 [shard 0:main] timestar.native_index - NativeIndex opened at: /home/matt/Desktop/source/tsdb/build/allocator-crash-probes/shard_0/native_index (0 SSTables, 2 MemTable entries, 0 local IDs)
INFO  2026-09-11 22:05:18,738 [shard 0:main] timestar.native_index - Flushing immutable MemTable: 22 entries, 18712 approx bytes
INFO  2026-09-11 22:05:18,739 [shard 0:main] timestar.native_index - SSTable write starting for file 1
INFO  2026-09-11 22:05:18,741 [shard 0:main] timestar.native_index - SSTable write complete: 22 entries, 553 bytes
INFO  2026-09-11 22:05:18,761 [shard 0:main] timestar.native_index - NativeIndex closed on shard 0
[       OK ] NativeIndexTest.FindSeriesByTag (43 ms)
[ RUN      ] NativeIndexTest.GetAllSeriesForMeasurement
INFO  2026-09-11 22:05:18,776 [shard 0:main] timestar.native_index - NativeIndex opened at: /home/matt/Desktop/source/tsdb/build/allocator-crash-probes/shard_0/native_index (0 SSTables, 2 MemTable entries, 0 local IDs)
INFO  2026-09-11 22:05:18,782 [shard 0:main] timestar.native_index - Flushing immutable MemTable: 22 entries, 18574 approx bytes
INFO  2026-09-11 22:05:18,782 [shard 0:main] timestar.native_index - SSTable write starting for file 1
INFO  2026-09-11 22:05:18,785 [shard 0:main] timestar.native_index - SSTable write complete: 22 entries, 506 bytes
INFO  2026-09-11 22:05:18,805 [shard 0:main] timestar.native_index - NativeIndex closed on shard 0
[       OK ] NativeIndexTest.GetAllSeriesForMeasurement (43 ms)
[ RUN      ] NativeIndexTest.FindSeriesWithMetadata
INFO  2026-09-11 22:05:18,820 [shard 0:main] timestar.native_index - NativeIndex opened at: /home/matt/Desktop/source/tsdb/build/allocator-crash-probes/shard_0/native_index (0 SSTables, 2 MemTable entries, 0 local IDs)
INFO  2026-09-11 22:05:18,826 [shard 0:main] timestar.native_index - Flushing immutable MemTable: 20 entries, 18502 approx bytes
INFO  2026-09-11 22:05:18,826 [shard 0:main] timestar.native_index - SSTable write starting for file 1
INFO  2026-09-11 22:05:18,829 [shard 0:main] timestar.native_index - SSTable write complete: 20 entries, 542 bytes
INFO  2026-09-11 22:05:18,848 [shard 0:main] timestar.native_index - NativeIndex closed on shard 0
[       OK ] NativeIndexTest.FindSeriesWithMetadata (43 ms)
[ RUN      ] NativeIndexTest.AllMeasurements
INFO  2026-09-11 22:05:18,863 [shard 0:main] timestar.native_index - NativeIndex opened at: /home/matt/Desktop/source/tsdb/build/allocator-crash-probes/shard_0/native_index (0 SSTables, 2 MemTable entries, 0 local IDs)
INFO  2026-09-11 22:05:18,869 [shard 0:main] timestar.native_index - Flushing immutable MemTable: 21 entries, 34824 approx bytes
INFO  2026-09-11 22:05:18,869 [shard 0:main] timestar.native_index - SSTable write starting for file 1
INFO  2026-09-11 22:05:18,872 [shard 0:main] timestar.native_index - SSTable write complete: 21 entries, 564 bytes
INFO  2026-09-11 22:05:18,891 [shard 0:main] timestar.native_index - NativeIndex closed on shard 0
[       OK ] NativeIndexTest.AllMeasurements (42 ms)
[ RUN      ] NativeIndexTest.FieldStats
INFO  2026-09-11 22:05:18,907 [shard 0:main] timestar.native_index - NativeIndex opened at: /home/matt/Desktop/source/tsdb/build/allocator-crash-probes/shard_0/native_index (0 SSTables, 2 MemTable entries, 0 local IDs)
INFO  2026-09-11 22:05:18,912 [shard 0:main] timestar.native_index - Flushing immutable MemTable: 13 entries, 17672 approx bytes
INFO  2026-09-11 22:05:18,912 [shard 0:main] timestar.native_index - SSTable write starting for file 1
INFO  2026-09-11 22:05:18,915 [shard 0:main] timestar.native_index - SSTable write complete: 13 entries, 412 bytes
INFO  2026-09-11 22:05:18,935 [shard 0:main] timestar.native_index - NativeIndex closed on shard 0
[       OK ] NativeIndexTest.FieldStats (43 ms)
[ RUN      ] NativeIndexTest.SeriesCount
INFO  2026-09-11 22:05:18,950 [shard 0:main] timestar.native_index - NativeIndex opened at: /home/matt/Desktop/source/tsdb/build/allocator-crash-probes/shard_0/native_index (0 SSTables, 2 MemTable entries, 0 local IDs)
INFO  2026-09-11 22:05:18,956 [shard 0:main] timestar.native_index - Flushing immutable MemTable: 26 entries, 35251 approx bytes
INFO  2026-09-11 22:05:18,956 [shard 0:main] timestar.native_index - SSTable write starting for file 1
INFO  2026-09-11 22:05:18,959 [shard 0:main] timestar.native_index - SSTable write complete: 26 entries, 556 bytes
INFO  2026-09-11 22:05:18,979 [shard 0:main] timestar.native_index - NativeIndex closed on shard 0
[       OK ] NativeIndexTest.SeriesCount (43 ms)
[ RUN      ] NativeIndexTest.RetentionPolicy
INFO  2026-09-11 22:05:18,994 [shard 0:main] timestar.native_index - NativeIndex opened at: /home/matt/Desktop/source/tsdb/build/allocator-crash-probes/shard_0/native_index (0 SSTables, 2 MemTable entries, 0 local IDs)
INFO  2026-09-11 22:05:18,997 [shard 0:main] timestar.native_index - Flushing immutable MemTable: 3 entries, 255 approx bytes
INFO  2026-09-11 22:05:18,997 [shard 0:main] timestar.native_index - SSTable write starting for file 1
INFO  2026-09-11 22:05:19,000 [shard 0:main] timestar.native_index - SSTable write complete: 3 entries, 155 bytes
INFO  2026-09-11 22:05:19,019 [shard 0:main] timestar.native_index - NativeIndex closed on shard 0
[       OK ] NativeIndexTest.RetentionPolicy (40 ms)
[ RUN      ] NativeIndexTest.NonZeroShardCanIndexAndQuery
INFO  2026-09-11 22:05:19,034 [shard 0:main] timestar.native_index - NativeIndex opened at: /home/matt/Desktop/source/tsdb/build/allocator-crash-probes/shard_1/native_index (0 SSTables, 2 MemTable entries, 0 local IDs)
INFO  2026-09-11 22:05:19,040 [shard 0:main] timestar.native_index - Flushing immutable MemTable: 12 entries, 17551 approx bytes
INFO  2026-09-11 22:05:19,040 [shard 0:main] timestar.native_index - SSTable write starting for file 1
INFO  2026-09-11 22:05:19,043 [shard 0:main] timestar.native_index - SSTable write complete: 12 entries, 383 bytes
INFO  2026-09-11 22:05:19,062 [shard 0:main] timestar.native_index - NativeIndex closed on shard 1
[       OK ] NativeIndexTest.NonZeroShardCanIndexAndQuery (42 ms)
[ RUN      ] NativeIndexTest.ManySeries
INFO  2026-09-11 22:05:19,077 [shard 0:main] timestar.native_index - NativeIndex opened at: /home/matt/Desktop/source/tsdb/build/allocator-crash-probes/shard_0/native_index (0 SSTables, 2 MemTable entries, 0 local IDs)
INFO  2026-09-11 22:05:19,083 [shard 0:main] timestar.native_index - Flushing immutable MemTable: 507 entries, 70636 approx bytes
INFO  2026-09-11 22:05:19,083 [shard 0:main] timestar.native_index - SSTable write starting for file 1
INFO  2026-09-11 22:05:19,087 [shard 0:main] timestar.native_index - SSTable write complete: 507 entries, 5617 bytes
INFO  2026-09-11 22:05:19,106 [shard 0:main] timestar.native_index - NativeIndex closed on shard 0
[       OK ] NativeIndexTest.ManySeries (43 ms)
[ RUN      ] NativeIndexTest.CompactThenQuery
INFO  2026-09-11 22:05:19,122 [shard 0:main] timestar.native_index - NativeIndex opened at: /home/matt/Desktop/source/tsdb/build/allocator-crash-probes/shard_0/native_index (0 SSTables, 2 MemTable entries, 0 local IDs)
INFO  2026-09-11 22:05:19,128 [shard 0:main] timestar.native_index - Flushing immutable MemTable: 257 entries, 42345 approx bytes
INFO  2026-09-11 22:05:19,128 [shard 0:main] timestar.native_index - SSTable write starting for file 1
INFO  2026-09-11 22:05:19,130 [shard 0:main] timestar.native_index - SSTable write complete: 257 entries, 2921 bytes
INFO  2026-09-11 22:05:19,143 [shard 0:main] timestar.native_index - Flushing immutable MemTable: 2 entries, 170 approx bytes
INFO  2026-09-11 22:05:19,143 [shard 0:main] timestar.native_index - SSTable write starting for file 2
INFO  2026-09-11 22:05:19,146 [shard 0:main] timestar.native_index - SSTable write complete: 2 entries, 139 bytes
INFO  2026-09-11 22:05:19,165 [shard 0:main] timestar.native_index - NativeIndex closed on shard 0
[       OK ] NativeIndexTest.CompactThenQuery (59 ms)
[----------] 17 tests from NativeIndexTest (844 ms total)

[----------] 3 tests from NativeIndexTombstoneFlushTest
[ RUN      ] NativeIndexTombstoneFlushTest.DeletedRetentionPolicyDoesNotResurrectAfterFlush
INFO  2026-09-11 22:05:19,180 [shard 0:main] timestar.native_index - NativeIndex opened at: /home/matt/Desktop/source/tsdb/build/allocator-crash-probes/shard_0/native_index (0 SSTables, 2 MemTable entries, 0 local IDs)
INFO  2026-09-11 22:05:19,183 [shard 0:main] timestar.native_index - Flushing immutable MemTable: 3 entries, 341 approx bytes
INFO  2026-09-11 22:05:19,183 [shard 0:main] timestar.native_index - SSTable write starting for file 1
INFO  2026-09-11 22:05:19,186 [shard 0:main] timestar.native_index - SSTable write complete: 3 entries, 218 bytes
INFO  2026-09-11 22:05:19,206 [shard 0:main] timestar.native_index - NativeIndex closed on shard 0
INFO  2026-09-11 22:05:19,209 [shard 0:main] timestar.native_index - Replayed 1 WAL records into MemTable
INFO  2026-09-11 22:05:19,210 [shard 0:main] timestar.native_index - Flushing immutable MemTable: 1 entries, 82 approx bytes
INFO  2026-09-11 22:05:19,210 [shard 0:main] timestar.native_index - SSTable write starting for file 2
INFO  2026-09-11 22:05:19,213 [shard 0:main] timestar.native_index - SSTable write complete: 1 entries, 128 bytes
INFO  2026-09-11 22:05:19,219 [shard 0:main] timestar.native_index - Recovered MemTable flushed to SSTable before WAL reuse
INFO  2026-09-11 22:05:19,225 [shard 0:main] timestar.native_index - NativeIndex opened at: /home/matt/Desktop/source/tsdb/build/allocator-crash-probes/shard_0/native_index (2 SSTables, 1 MemTable entries, 0 local IDs)
INFO  2026-09-11 22:05:19,228 [shard 0:main] timestar.native_index - Flushing immutable MemTable: 2 entries, 171 approx bytes
INFO  2026-09-11 22:05:19,228 [shard 0:main] timestar.native_index - SSTable write starting for file 3
INFO  2026-09-11 22:05:19,230 [shard 0:main] timestar.native_index - SSTable write complete: 2 entries, 151 bytes
INFO  2026-09-11 22:05:19,250 [shard 0:main] timestar.native_index - NativeIndex closed on shard 0
INFO  2026-09-11 22:05:19,253 [shard 0:main] timestar.native_index - Replayed 1 WAL records into MemTable
INFO  2026-09-11 22:05:19,254 [shard 0:main] timestar.native_index - Flushing immutable MemTable: 1 entries, 82 approx bytes
INFO  2026-09-11 22:05:19,254 [shard 0:main] timestar.native_index - SSTable write starting for file 4
INFO  2026-09-11 22:05:19,257 [shard 0:main] timestar.native_index - SSTable write complete: 1 entries, 128 bytes
INFO  2026-09-11 22:05:19,270 [shard 0:main] timestar.compaction - Compaction L0 -> L1: merged 4 files, 4 keys written, 0 tombstones dropped, 20 bytes
INFO  2026-09-11 22:05:19,270 [shard 0:main] timestar.native_index - Recovered MemTable flushed to SSTable before WAL reuse
INFO  2026-09-11 22:05:19,276 [shard 0:main] timestar.native_index - NativeIndex opened at: /home/matt/Desktop/source/tsdb/build/allocator-crash-probes/shard_0/native_index (1 SSTables, 1 MemTable entries, 0 local IDs)
INFO  2026-09-11 22:05:19,278 [shard 0:main] timestar.native_index - Flushing immutable MemTable: 1 entries, 81 approx bytes
INFO  2026-09-11 22:05:19,278 [shard 0:main] timestar.native_index - SSTable write starting for file 6
INFO  2026-09-11 22:05:19,281 [shard 0:main] timestar.native_index - SSTable write complete: 1 entries, 128 bytes
INFO  2026-09-11 22:05:19,301 [shard 0:main] timestar.native_index - NativeIndex closed on shard 0
[       OK ] NativeIndexTombstoneFlushTest.DeletedRetentionPolicyDoesNotResurrectAfterFlush (135 ms)
[ RUN      ] NativeIndexTombstoneFlushTest.ReinsertAfterDeleteAndFlushWorks
INFO  2026-09-11 22:05:19,318 [shard 0:main] timestar.native_index - NativeIndex opened at: /home/matt/Desktop/source/tsdb/build/allocator-crash-probes/shard_0/native_index (0 SSTables, 2 MemTable entries, 0 local IDs)
INFO  2026-09-11 22:05:19,321 [shard 0:main] timestar.native_index - Flushing immutable MemTable: 3 entries, 350 approx bytes
INFO  2026-09-11 22:05:19,321 [shard 0:main] timestar.native_index - SSTable write starting for file 1
INFO  2026-09-11 22:05:19,324 [shard 0:main] timestar.native_index - SSTable write complete: 3 entries, 224 bytes
INFO  2026-09-11 22:05:19,344 [shard 0:main] timestar.native_index - NativeIndex closed on shard 0
INFO  2026-09-11 22:05:19,356 [shard 0:main] timestar.native_index - Replayed 1 WAL records into MemTable
INFO  2026-09-11 22:05:19,356 [shard 0:main] timestar.native_index - Flushing immutable MemTable: 1 entries, 82 approx bytes
INFO  2026-09-11 22:05:19,356 [shard 0:main] timestar.native_index - SSTable write starting for file 2
INFO  2026-09-11 22:05:19,359 [shard 0:main] timestar.native_index - SSTable write complete: 1 entries, 128 bytes
INFO  2026-09-11 22:05:19,365 [shard 0:main] timestar.native_index - Recovered MemTable flushed to SSTable before WAL reuse
INFO  2026-09-11 22:05:19,371 [shard 0:main] timestar.native_index - NativeIndex opened at: /home/matt/Desktop/source/tsdb/build/allocator-crash-probes/shard_0/native_index (2 SSTables, 1 MemTable entries, 0 local IDs)
INFO  2026-09-11 22:05:19,374 [shard 0:main] timestar.native_index - Flushing immutable MemTable: 2 entries, 175 approx bytes
INFO  2026-09-11 22:05:19,374 [shard 0:main] timestar.native_index - SSTable write starting for file 3
INFO  2026-09-11 22:05:19,377 [shard 0:main] timestar.native_index - SSTable write complete: 2 entries, 159 bytes
INFO  2026-09-11 22:05:19,399 [shard 0:main] timestar.native_index - NativeIndex closed on shard 0
INFO  2026-09-11 22:05:19,402 [shard 0:main] timestar.native_index - Replayed 1 WAL records into MemTable
INFO  2026-09-11 22:05:19,403 [shard 0:main] timestar.native_index - Flushing immutable MemTable: 1 entries, 82 approx bytes
INFO  2026-09-11 22:05:19,403 [shard 0:main] timestar.native_index - SSTable write starting for file 4
INFO  2026-09-11 22:05:19,406 [shard 0:main] timestar.native_index - SSTable write complete: 1 entries, 128 bytes
INFO  2026-09-11 22:05:19,419 [shard 0:main] timestar.compaction - Compaction L0 -> L1: merged 4 files, 4 keys written, 0 tombstones dropped, 24 bytes
INFO  2026-09-11 22:05:19,420 [shard 0:main] timestar.native_index - Recovered MemTable flushed to SSTable before WAL reuse
INFO  2026-09-11 22:05:19,425 [shard 0:main] timestar.native_index - NativeIndex opened at: /home/matt/Desktop/source/tsdb/build/allocator-crash-probes/shard_0/native_index (1 SSTables, 1 MemTable entries, 0 local IDs)
INFO  2026-09-11 22:05:19,428 [shard 0:main] timestar.native_index - Flushing immutable MemTable: 2 entries, 264 approx bytes
INFO  2026-09-11 22:05:19,428 [shard 0:main] timestar.native_index - SSTable write starting for file 6
INFO  2026-09-11 22:05:19,431 [shard 0:main] timestar.native_index - SSTable write complete: 2 entries, 219 bytes
INFO  2026-09-11 22:05:19,451 [shard 0:main] timestar.native_index - NativeIndex closed on shard 0
INFO  2026-09-11 22:05:19,454 [shard 0:main] timestar.native_index - Replayed 1 WAL records into MemTable
INFO  2026-09-11 22:05:19,455 [shard 0:main] timestar.native_index - Flushing immutable MemTable: 1 entries, 82 approx bytes
INFO  2026-09-11 22:05:19,455 [shard 0:main] timestar.native_index - SSTable write starting for file 7
INFO  2026-09-11 22:05:19,463 [shard 0:main] timestar.native_index - SSTable write complete: 1 entries, 128 bytes
INFO  2026-09-11 22:05:19,470 [shard 0:main] timestar.native_index - Recovered MemTable flushed to SSTable before WAL reuse
INFO  2026-09-11 22:05:19,475 [shard 0:main] timestar.native_index - NativeIndex opened at: /home/matt/Desktop/source/tsdb/build/allocator-crash-probes/shard_0/native_index (3 SSTables, 1 MemTable entries, 0 local IDs)
INFO  2026-09-11 22:05:19,478 [shard 0:main] timestar.native_index - Flushing immutable MemTable: 1 entries, 81 approx bytes
INFO  2026-09-11 22:05:19,478 [shard 0:main] timestar.native_index - SSTable write starting for file 8
INFO  2026-09-11 22:05:19,481 [shard 0:main] timestar.native_index - SSTable write complete: 1 entries, 128 bytes
INFO  2026-09-11 22:05:19,501 [shard 0:main] timestar.native_index - NativeIndex closed on shard 0
[       OK ] NativeIndexTombstoneFlushTest.ReinsertAfterDeleteAndFlushWorks (200 ms)
[ RUN      ] NativeIndexTombstoneFlushTest.TombstoneOnlyFlushSuppressesOlderValues
INFO  2026-09-11 22:05:19,517 [shard 0:main] timestar.native_index - NativeIndex opened at: /home/matt/Desktop/source/tsdb/build/allocator-crash-probes/shard_0/native_index (0 SSTables, 2 MemTable entries, 0 local IDs)
INFO  2026-09-11 22:05:19,520 [shard 0:main] timestar.native_index - Flushing immutable MemTable: 3 entries, 340 approx bytes
INFO  2026-09-11 22:05:19,520 [shard 0:main] timestar.native_index - SSTable write starting for file 1
INFO  2026-09-11 22:05:19,523 [shard 0:main] timestar.native_index - SSTable write complete: 3 entries, 219 bytes
INFO  2026-09-11 22:05:19,542 [shard 0:main] timestar.native_index - NativeIndex closed on shard 0
INFO  2026-09-11 22:05:19,546 [shard 0:main] timestar.native_index - Replayed 1 WAL records into MemTable
INFO  2026-09-11 22:05:19,546 [shard 0:main] timestar.native_index - Flushing immutable MemTable: 1 entries, 82 approx bytes
INFO  2026-09-11 22:05:19,546 [shard 0:main] timestar.native_index - SSTable write starting for file 2
INFO  2026-09-11 22:05:19,549 [shard 0:main] timestar.native_index - SSTable write complete: 1 entries, 128 bytes
INFO  2026-09-11 22:05:19,555 [shard 0:main] timestar.native_index - Recovered MemTable flushed to SSTable before WAL reuse
INFO  2026-09-11 22:05:19,562 [shard 0:main] timestar.native_index - NativeIndex opened at: /home/matt/Desktop/source/tsdb/build/allocator-crash-probes/shard_0/native_index (2 SSTables, 1 MemTable entries, 0 local IDs)
INFO  2026-09-11 22:05:19,564 [shard 0:main] timestar.native_index - Flushing immutable MemTable: 2 entries, 171 approx bytes
INFO  2026-09-11 22:05:19,564 [shard 0:main] timestar.native_index - SSTable write starting for file 3
INFO  2026-09-11 22:05:19,567 [shard 0:main] timestar.native_index - SSTable write complete: 2 entries, 151 bytes
INFO  2026-09-11 22:05:19,587 [shard 0:main] timestar.native_index - NativeIndex closed on shard 0
INFO  2026-09-11 22:05:19,591 [shard 0:main] timestar.native_index - Replayed 1 WAL records into MemTable
INFO  2026-09-11 22:05:19,592 [shard 0:main] timestar.native_index - Flushing immutable MemTable: 1 entries, 82 approx bytes
INFO  2026-09-11 22:05:19,592 [shard 0:main] timestar.native_index - SSTable write starting for file 4
INFO  2026-09-11 22:05:19,595 [shard 0:main] timestar.native_index - SSTable write complete: 1 entries, 128 bytes
INFO  2026-09-11 22:05:19,608 [shard 0:main] timestar.compaction - Compaction L0 -> L1: merged 4 files, 4 keys written, 0 tombstones dropped, 20 bytes
INFO  2026-09-11 22:05:19,608 [shard 0:main] timestar.native_index - Recovered MemTable flushed to SSTable before WAL reuse
INFO  2026-09-11 22:05:19,614 [shard 0:main] timestar.native_index - NativeIndex opened at: /home/matt/Desktop/source/tsdb/build/allocator-crash-probes/shard_0/native_index (1 SSTables, 1 MemTable entries, 0 local IDs)
INFO  2026-09-11 22:05:19,618 [shard 0:main] timestar.native_index - Flushing immutable MemTable: 1 entries, 81 approx bytes
INFO  2026-09-11 22:05:19,618 [shard 0:main] timestar.native_index - SSTable write starting for file 6
INFO  2026-09-11 22:05:19,621 [shard 0:main] timestar.native_index - SSTable write complete: 1 entries, 128 bytes
INFO  2026-09-11 22:05:19,640 [shard 0:main] timestar.native_index - NativeIndex closed on shard 0
[       OK ] NativeIndexTombstoneFlushTest.TombstoneOnlyFlushSuppressesOlderValues (138 ms)
[----------] 3 tests from NativeIndexTombstoneFlushTest (474 ms total)

[----------] 13 tests from PostingsBitmapTest
[ RUN      ] PostingsBitmapTest.SingleTagLookup
INFO  2026-09-11 22:05:19,655 [shard 0:main] timestar.native_index - NativeIndex opened at: /home/matt/Desktop/source/tsdb/build/allocator-crash-probes/shard_0/native_index (0 SSTables, 2 MemTable entries, 0 local IDs)
INFO  2026-09-11 22:05:19,661 [shard 0:main] timestar.native_index - Flushing immutable MemTable: 36 entries, 20133 approx bytes
INFO  2026-09-11 22:05:19,662 [shard 0:main] timestar.native_index - SSTable write starting for file 1
INFO  2026-09-11 22:05:19,665 [shard 0:main] timestar.native_index - SSTable write complete: 36 entries, 723 bytes
INFO  2026-09-11 22:05:19,684 [shard 0:main] timestar.native_index - NativeIndex closed on shard 0
[       OK ] PostingsBitmapTest.SingleTagLookup (43 ms)
[ RUN      ] PostingsBitmapTest.MultiTagIntersection
INFO  2026-09-11 22:05:19,699 [shard 0:main] timestar.native_index - NativeIndex opened at: /home/matt/Desktop/source/tsdb/build/allocator-crash-probes/shard_0/native_index (0 SSTables, 2 MemTable entries, 0 local IDs)
INFO  2026-09-11 22:05:19,706 [shard 0:main] timestar.native_index - Flushing immutable MemTable: 35 entries, 20066 approx bytes
INFO  2026-09-11 22:05:19,706 [shard 0:main] timestar.native_index - SSTable write starting for file 1
INFO  2026-09-11 22:05:19,710 [shard 0:main] timestar.native_index - SSTable write complete: 35 entries, 721 bytes
INFO  2026-09-11 22:05:19,728 [shard 0:main] timestar.native_index - NativeIndex closed on shard 0
[       OK ] PostingsBitmapTest.MultiTagIntersection (44 ms)
[ RUN      ] PostingsBitmapTest.MutablePostingsVisibleBeforeFlush
INFO  2026-09-11 22:05:19,744 [shard 0:main] timestar.native_index - NativeIndex opened at: /home/matt/Desktop/source/tsdb/build/allocator-crash-probes/shard_0/native_index (0 SSTables, 2 MemTable entries, 0 local IDs)
INFO  2026-09-11 22:05:19,750 [shard 0:main] timestar.native_index - Flushing immutable MemTable: 12 entries, 17565 approx bytes
INFO  2026-09-11 22:05:19,750 [shard 0:main] timestar.native_index - SSTable write starting for file 1
INFO  2026-09-11 22:05:19,753 [shard 0:main] timestar.native_index - SSTable write complete: 12 entries, 387 bytes
INFO  2026-09-11 22:05:19,772 [shard 0:main] timestar.native_index - NativeIndex closed on shard 0
[       OK ] PostingsBitmapTest.MutablePostingsVisibleBeforeFlush (43 ms)
[ RUN      ] PostingsBitmapTest.PersistsAfterFlushAndCompact
INFO  2026-09-11 22:05:19,788 [shard 0:main] timestar.native_index - NativeIndex opened at: /home/matt/Desktop/source/tsdb/build/allocator-crash-probes/shard_0/native_index (0 SSTables, 2 MemTable entries, 0 local IDs)
INFO  2026-09-11 22:05:19,793 [shard 0:main] timestar.native_index - Flushing immutable MemTable: 26 entries, 19066 approx bytes
INFO  2026-09-11 22:05:19,793 [shard 0:main] timestar.native_index - SSTable write starting for file 1
INFO  2026-09-11 22:05:19,796 [shard 0:main] timestar.native_index - SSTable write complete: 26 entries, 572 bytes
INFO  2026-09-11 22:05:19,809 [shard 0:main] timestar.native_index - Flushing immutable MemTable: 2 entries, 170 approx bytes
INFO  2026-09-11 22:05:19,809 [shard 0:main] timestar.native_index - SSTable write starting for file 2
INFO  2026-09-11 22:05:19,812 [shard 0:main] timestar.native_index - SSTable write complete: 2 entries, 139 bytes
INFO  2026-09-11 22:05:19,831 [shard 0:main] timestar.native_index - NativeIndex closed on shard 0
[       OK ] PostingsBitmapTest.PersistsAfterFlushAndCompact (58 ms)
[ RUN      ] PostingsBitmapTest.PersistsAcrossReopen
INFO  2026-09-11 22:05:19,846 [shard 0:main] timestar.native_index - NativeIndex opened at: /home/matt/Desktop/source/tsdb/build/allocator-crash-probes/shard_0/native_index (0 SSTables, 2 MemTable entries, 0 local IDs)
INFO  2026-09-11 22:05:19,852 [shard 0:main] timestar.native_index - Flushing immutable MemTable: 22 entries, 18554 approx bytes
INFO  2026-09-11 22:05:19,852 [shard 0:main] timestar.native_index - SSTable write starting for file 1
INFO  2026-09-11 22:05:19,855 [shard 0:main] timestar.native_index - SSTable write complete: 22 entries, 484 bytes
INFO  2026-09-11 22:05:19,874 [shard 0:main] timestar.native_index - NativeIndex closed on shard 0
INFO  2026-09-11 22:05:19,878 [shard 0:main] timestar.native_index - Replayed 1 WAL records into MemTable
INFO  2026-09-11 22:05:19,878 [shard 0:main] timestar.native_index - Flushing immutable MemTable: 1 entries, 82 approx bytes
INFO  2026-09-11 22:05:19,878 [shard 0:main] timestar.native_index - SSTable write starting for file 2
INFO  2026-09-11 22:05:19,881 [shard 0:main] timestar.native_index - SSTable write complete: 1 entries, 128 bytes
INFO  2026-09-11 22:05:19,888 [shard 0:main] timestar.native_index - Recovered MemTable flushed to SSTable before WAL reuse
INFO  2026-09-11 22:05:19,893 [shard 0:main] timestar.native_index - Restored LocalIdMap: 3 mappings
INFO  2026-09-11 22:05:19,893 [shard 0:main] timestar.native_index - Rebuilt blooms for 1 measurements
INFO  2026-09-11 22:05:19,893 [shard 0:main] timestar.native_index - NativeIndex opened at: /home/matt/Desktop/source/tsdb/build/allocator-crash-probes/shard_0/native_index (2 SSTables, 2 MemTable entries, 3 local IDs)
INFO  2026-09-11 22:05:19,896 [shard 0:main] timestar.native_index - Flushing immutable MemTable: 4 entries, 349 approx bytes
INFO  2026-09-11 22:05:19,896 [shard 0:main] timestar.native_index - SSTable write starting for file 3
INFO  2026-09-11 22:05:19,899 [shard 0:main] timestar.native_index - SSTable write complete: 4 entries, 165 bytes
INFO  2026-09-11 22:05:19,919 [shard 0:main] timestar.native_index - NativeIndex closed on shard 0
[       OK ] PostingsBitmapTest.PersistsAcrossReopen (88 ms)
[ RUN      ] PostingsBitmapTest.GroupByTagViaBitmap
INFO  2026-09-11 22:05:19,934 [shard 0:main] timestar.native_index - NativeIndex opened at: /home/matt/Desktop/source/tsdb/build/allocator-crash-probes/shard_0/native_index (0 SSTables, 2 MemTable entries, 0 local IDs)
INFO  2026-09-11 22:05:19,940 [shard 0:main] timestar.native_index - Flushing immutable MemTable: 38 entries, 20262 approx bytes
INFO  2026-09-11 22:05:19,940 [shard 0:main] timestar.native_index - SSTable write starting for file 1
INFO  2026-09-11 22:05:19,943 [shard 0:main] timestar.native_index - SSTable write complete: 38 entries, 701 bytes
INFO  2026-09-11 22:05:19,955 [shard 0:main] timestar.native_index - Flushing immutable MemTable: 2 entries, 170 approx bytes
INFO  2026-09-11 22:05:19,955 [shard 0:main] timestar.native_index - SSTable write starting for file 2
INFO  2026-09-11 22:05:19,958 [shard 0:main] timestar.native_index - SSTable write complete: 2 entries, 139 bytes
INFO  2026-09-11 22:05:19,977 [shard 0:main] timestar.native_index - NativeIndex closed on shard 0
[       OK ] PostingsBitmapTest.GroupByTagViaBitmap (58 ms)
[ RUN      ] PostingsBitmapTest.FindSeriesWithMetadataUsesBitmaps
INFO  2026-09-11 22:05:19,993 [shard 0:main] timestar.native_index - NativeIndex opened at: /home/matt/Desktop/source/tsdb/build/allocator-crash-probes/shard_0/native_index (0 SSTables, 2 MemTable entries, 0 local IDs)
INFO  2026-09-11 22:05:19,998 [shard 0:main] timestar.native_index - Flushing immutable MemTable: 24 entries, 18834 approx bytes
INFO  2026-09-11 22:05:19,998 [shard 0:main] timestar.native_index - SSTable write starting for file 1
INFO  2026-09-11 22:05:20,002 [shard 0:main] timestar.native_index - SSTable write complete: 24 entries, 568 bytes
INFO  2026-09-11 22:05:20,021 [shard 0:main] timestar.native_index - NativeIndex closed on shard 0
[       OK ] PostingsBitmapTest.FindSeriesWithMetadataUsesBitmaps (43 ms)
[ RUN      ] PostingsBitmapTest.EmptyTagLookup
INFO  2026-09-11 22:05:20,036 [shard 0:main] timestar.native_index - NativeIndex opened at: /home/matt/Desktop/source/tsdb/build/allocator-crash-probes/shard_0/native_index (0 SSTables, 2 MemTable entries, 0 local IDs)
INFO  2026-09-11 22:05:20,042 [shard 0:main] timestar.native_index - Flushing immutable MemTable: 12 entries, 17532 approx bytes
INFO  2026-09-11 22:05:20,042 [shard 0:main] timestar.native_index - SSTable write starting for file 1
INFO  2026-09-11 22:05:20,045 [shard 0:main] timestar.native_index - SSTable write complete: 12 entries, 371 bytes
INFO  2026-09-11 22:05:20,064 [shard 0:main] timestar.native_index - NativeIndex closed on shard 0
[       OK ] PostingsBitmapTest.EmptyTagLookup (43 ms)
[ RUN      ] PostingsBitmapTest.LargeScaleBitmaps
INFO  2026-09-11 22:05:20,080 [shard 0:main] timestar.native_index - NativeIndex opened at: /home/matt/Desktop/source/tsdb/build/allocator-crash-probes/shard_0/native_index (0 SSTables, 2 MemTable entries, 0 local IDs)
INFO  2026-09-11 22:05:20,087 [shard 0:main] timestar.native_index - Flushing immutable MemTable: 1015 entries, 131476 approx bytes
INFO  2026-09-11 22:05:20,087 [shard 0:main] timestar.native_index - SSTable write starting for file 1
INFO  2026-09-11 22:05:20,090 [shard 0:main] timestar.native_index - SSTable write complete: 1015 entries, 14440 bytes
INFO  2026-09-11 22:05:20,102 [shard 0:main] timestar.native_index - Flushing immutable MemTable: 2 entries, 170 approx bytes
INFO  2026-09-11 22:05:20,102 [shard 0:main] timestar.native_index - SSTable write starting for file 2
INFO  2026-09-11 22:05:20,105 [shard 0:main] timestar.native_index - SSTable write complete: 2 entries, 139 bytes
INFO  2026-09-11 22:05:20,124 [shard 0:main] timestar.native_index - NativeIndex closed on shard 0
[       OK ] PostingsBitmapTest.LargeScaleBitmaps (60 ms)
[ RUN      ] PostingsBitmapTest.BulkInsertWithMultipleFlushes
INFO  2026-09-11 22:05:20,139 [shard 0:main] timestar.native_index - NativeIndex opened at: /home/matt/Desktop/source/tsdb/build/allocator-crash-probes/shard_0/native_index (0 SSTables, 2 MemTable entries, 0 local IDs)
INFO  2026-09-11 22:05:20,159 [shard 0:main] timestar.native_index - Flushing immutable MemTable: 13223 entries, 1816602 approx bytes
INFO  2026-09-11 22:05:20,162 [shard 0:main] timestar.native_index - SSTable write starting for file 1
INFO  2026-09-11 22:05:20,165 [shard 0:main] timestar.native_index - SSTable write complete: 13223 entries, 286498 bytes
INFO  2026-09-11 22:05:20,178 [shard 0:main] timestar.native_index - Flushing immutable MemTable: 2 entries, 170 approx bytes
INFO  2026-09-11 22:05:20,178 [shard 0:main] timestar.native_index - SSTable write starting for file 2
INFO  2026-09-11 22:05:20,181 [shard 0:main] timestar.native_index - SSTable write complete: 2 entries, 139 bytes
INFO  2026-09-11 22:05:20,201 [shard 0:main] timestar.native_index - NativeIndex closed on shard 0
[       OK ] PostingsBitmapTest.BulkInsertWithMultipleFlushes (76 ms)
[ RUN      ] PostingsBitmapTest.MigrationFromPhase1
INFO  2026-09-11 22:05:20,217 [shard 0:main] timestar.native_index - NativeIndex opened at: /home/matt/Desktop/source/tsdb/build/allocator-crash-probes/shard_0/native_index (0 SSTables, 2 MemTable entries, 0 local IDs)
INFO  2026-09-11 22:05:20,223 [shard 0:main] timestar.native_index - Flushing immutable MemTable: 20 entries, 18439 approx bytes
INFO  2026-09-11 22:05:20,223 [shard 0:main] timestar.native_index - SSTable write starting for file 1
INFO  2026-09-11 22:05:20,226 [shard 0:main] timestar.native_index - SSTable write complete: 20 entries, 523 bytes
INFO  2026-09-11 22:05:20,246 [shard 0:main] timestar.native_index - NativeIndex closed on shard 0
INFO  2026-09-11 22:05:20,249 [shard 0:main] timestar.native_index - Replayed 1 WAL records into MemTable
INFO  2026-09-11 22:05:20,249 [shard 0:main] timestar.native_index - Flushing immutable MemTable: 1 entries, 82 approx bytes
INFO  2026-09-11 22:05:20,249 [shard 0:main] timestar.native_index - SSTable write starting for file 2
INFO  2026-09-11 22:05:20,252 [shard 0:main] timestar.native_index - SSTable write complete: 1 entries, 128 bytes
INFO  2026-09-11 22:05:20,259 [shard 0:main] timestar.native_index - Recovered MemTable flushed to SSTable before WAL reuse
INFO  2026-09-11 22:05:20,265 [shard 0:main] timestar.native_index - Restored LocalIdMap: 3 mappings
INFO  2026-09-11 22:05:20,265 [shard 0:main] timestar.native_index - Rebuilt blooms for 1 measurements
INFO  2026-09-11 22:05:20,265 [shard 0:main] timestar.native_index - NativeIndex opened at: /home/matt/Desktop/source/tsdb/build/allocator-crash-probes/shard_0/native_index (2 SSTables, 2 MemTable entries, 3 local IDs)
INFO  2026-09-11 22:05:20,270 [shard 0:main] timestar.native_index - Flushing immutable MemTable: 10 entries, 17362 approx bytes
INFO  2026-09-11 22:05:20,270 [shard 0:main] timestar.native_index - SSTable write starting for file 3
INFO  2026-09-11 22:05:20,273 [shard 0:main] timestar.native_index - SSTable write complete: 10 entries, 386 bytes
INFO  2026-09-11 22:05:20,292 [shard 0:main] timestar.native_index - NativeIndex closed on shard 0
[       OK ] PostingsBitmapTest.MigrationFromPhase1 (90 ms)
[ RUN      ] PostingsBitmapTest.BloomRebuildKeepsSeriesNotResidentInCache
INFO  2026-09-11 22:05:20,308 [shard 0:main] timestar.native_index - NativeIndex opened at: /home/matt/Desktop/source/tsdb/build/allocator-crash-probes/shard_0/native_index (0 SSTables, 2 MemTable entries, 0 local IDs)
INFO  2026-09-11 22:05:20,314 [shard 0:main] timestar.native_index - Flushing immutable MemTable: 12 entries, 17627 approx bytes
INFO  2026-09-11 22:05:20,314 [shard 0:main] timestar.native_index - SSTable write starting for file 1
INFO  2026-09-11 22:05:20,317 [shard 0:main] timestar.native_index - SSTable write complete: 12 entries, 432 bytes
INFO  2026-09-11 22:05:20,337 [shard 0:main] timestar.native_index - NativeIndex closed on shard 0
INFO  2026-09-11 22:05:20,341 [shard 0:main] timestar.native_index - Replayed 1 WAL records into MemTable
INFO  2026-09-11 22:05:20,341 [shard 0:main] timestar.native_index - Flushing immutable MemTable: 1 entries, 82 approx bytes
INFO  2026-09-11 22:05:20,341 [shard 0:main] timestar.native_index - SSTable write starting for file 2
INFO  2026-09-11 22:05:20,344 [shard 0:main] timestar.native_index - SSTable write complete: 1 entries, 128 bytes
INFO  2026-09-11 22:05:20,349 [shard 0:main] timestar.native_index - Recovered MemTable flushed to SSTable before WAL reuse
INFO  2026-09-11 22:05:20,355 [shard 0:main] timestar.native_index - Restored LocalIdMap: 1 mappings
INFO  2026-09-11 22:05:20,355 [shard 0:main] timestar.native_index - Rebuilt blooms for 1 measurements
INFO  2026-09-11 22:05:20,355 [shard 0:main] timestar.native_index - NativeIndex opened at: /home/matt/Desktop/source/tsdb/build/allocator-crash-probes/shard_0/native_index (2 SSTables, 2 MemTable entries, 1 local IDs)
INFO  2026-09-11 22:05:20,362 [shard 0:main] timestar.native_index - Flushing immutable MemTable: 10 entries, 17416 approx bytes
INFO  2026-09-11 22:05:20,362 [shard 0:main] timestar.native_index - SSTable write starting for file 3
INFO  2026-09-11 22:05:20,365 [shard 0:main] timestar.native_index - SSTable write complete: 10 entries, 416 bytes
INFO  2026-09-11 22:05:20,377 [shard 0:main] timestar.compaction - Compaction L0 -> L1: merged 3 files, 18 keys written, 0 tombstones dropped, 16853 bytes
INFO  2026-09-11 22:05:20,387 [shard 0:main] timestar.native_index - Flushing immutable MemTable: 9 entries, 17335 approx bytes
INFO  2026-09-11 22:05:20,387 [shard 0:main] timestar.native_index - SSTable write starting for file 5
INFO  2026-09-11 22:05:20,390 [shard 0:main] timestar.native_index - SSTable write complete: 9 entries, 421 bytes
INFO  2026-09-11 22:05:20,402 [shard 0:main] timestar.compaction - Compaction L0 -> L1: merged 2 files, 23 keys written, 0 tombstones dropped, 17037 bytes
INFO  2026-09-11 22:05:20,408 [shard 0:main] timestar.native_index - Flushing immutable MemTable: 2 entries, 170 approx bytes
INFO  2026-09-11 22:05:20,408 [shard 0:main] timestar.native_index - SSTable write starting for file 7
INFO  2026-09-11 22:05:20,412 [shard 0:main] timestar.native_index - SSTable write complete: 2 entries, 139 bytes
INFO  2026-09-11 22:05:20,430 [shard 0:main] timestar.native_index - NativeIndex closed on shard 0
[       OK ] PostingsBitmapTest.BloomRebuildKeepsSeriesNotResidentInCache (137 ms)
[ RUN      ] PostingsBitmapTest.OpenRepairsStalePersistedBloomImmediately
INFO  2026-09-11 22:05:20,446 [shard 0:main] timestar.native_index - NativeIndex opened at: /home/matt/Desktop/source/tsdb/build/allocator-crash-probes/shard_0/native_index (0 SSTables, 2 MemTable entries, 0 local IDs)
INFO  2026-09-11 22:05:20,452 [shard 0:main] timestar.native_index - Flushing immutable MemTable: 17 entries, 18211 approx bytes
INFO  2026-09-11 22:05:20,452 [shard 0:main] timestar.native_index - SSTable write starting for file 1
INFO  2026-09-11 22:05:20,455 [shard 0:main] timestar.native_index - SSTable write complete: 17 entries, 496 bytes
INFO  2026-09-11 22:05:20,474 [shard 0:main] timestar.native_index - NativeIndex closed on shard 0
INFO  2026-09-11 22:05:20,478 [shard 0:main] timestar.native_index - Replayed 1 WAL records into MemTable
INFO  2026-09-11 22:05:20,478 [shard 0:main] timestar.native_index - Flushing immutable MemTable: 1 entries, 82 approx bytes
INFO  2026-09-11 22:05:20,478 [shard 0:main] timestar.native_index - SSTable write starting for file 2
INFO  2026-09-11 22:05:20,482 [shard 0:main] timestar.native_index - SSTable write complete: 1 entries, 128 bytes
INFO  2026-09-11 22:05:20,488 [shard 0:main] timestar.native_index - Recovered MemTable flushed to SSTable before WAL reuse
INFO  2026-09-11 22:05:20,493 [shard 0:main] timestar.native_index - Restored LocalIdMap: 2 mappings
INFO  2026-09-11 22:05:20,493 [shard 0:main] timestar.native_index - Rebuilt blooms for 1 measurements
INFO  2026-09-11 22:05:20,493 [shard 0:main] timestar.native_index - NativeIndex opened at: /home/matt/Desktop/source/tsdb/build/allocator-crash-probes/shard_0/native_index (2 SSTables, 2 MemTable entries, 2 local IDs)
INFO  2026-09-11 22:05:20,496 [shard 0:main] timestar.native_index - Flushing immutable MemTable: 2 entries, 186 approx bytes
INFO  2026-09-11 22:05:20,496 [shard 0:main] timestar.native_index - SSTable write starting for file 3
INFO  2026-09-11 22:05:20,499 [shard 0:main] timestar.native_index - SSTable write complete: 2 entries, 167 bytes
INFO  2026-09-11 22:05:20,518 [shard 0:main] timestar.native_index - NativeIndex closed on shard 0
INFO  2026-09-11 22:05:20,522 [shard 0:main] timestar.native_index - Replayed 1 WAL records into MemTable
INFO  2026-09-11 22:05:20,522 [shard 0:main] timestar.native_index - Flushing immutable MemTable: 1 entries, 82 approx bytes
INFO  2026-09-11 22:05:20,522 [shard 0:main] timestar.native_index - SSTable write starting for file 4
INFO  2026-09-11 22:05:20,525 [shard 0:main] timestar.native_index - SSTable write complete: 1 entries, 128 bytes
INFO  2026-09-11 22:05:20,539 [shard 0:main] timestar.compaction - Compaction L0 -> L1: merged 4 files, 18 keys written, 0 tombstones dropped, 16853 bytes
INFO  2026-09-11 22:05:20,539 [shard 0:main] timestar.native_index - Recovered MemTable flushed to SSTable before WAL reuse
INFO  2026-09-11 22:05:20,545 [shard 0:main] timestar.native_index - Restored LocalIdMap: 2 mappings
INFO  2026-09-11 22:05:20,545 [shard 0:main] timestar.native_index - Rebuilt blooms for 1 measurements
INFO  2026-09-11 22:05:20,545 [shard 0:main] timestar.native_index - NativeIndex opened at: /home/matt/Desktop/source/tsdb/build/allocator-crash-probes/shard_0/native_index (1 SSTables, 2 MemTable entries, 2 local IDs)
INFO  2026-09-11 22:05:20,547 [shard 0:main] timestar.native_index - Flushing immutable MemTable: 4 entries, 356 approx bytes
INFO  2026-09-11 22:05:20,547 [shard 0:main] timestar.native_index - SSTable write starting for file 6
INFO  2026-09-11 22:05:20,550 [shard 0:main] timestar.native_index - SSTable write complete: 4 entries, 172 bytes
INFO  2026-09-11 22:05:20,570 [shard 0:main] timestar.native_index - NativeIndex closed on shard 0
[       OK ] PostingsBitmapTest.OpenRepairsStalePersistedBloomImmediately (139 ms)
[----------] 13 tests from PostingsBitmapTest (929 ms total)

[----------] 5 tests from QueryOptimizationTest
[ RUN      ] QueryOptimizationTest.MeasurementHLLUpdatedOnInsert
INFO  2026-09-11 22:05:20,585 [shard 0:main] timestar.native_index - NativeIndex opened at: /home/matt/Desktop/source/tsdb/build/allocator-crash-probes/shard_0/native_index (0 SSTables, 2 MemTable entries, 0 local IDs)
INFO  2026-09-11 22:05:20,591 [shard 0:main] timestar.native_index - Flushing immutable MemTable: 507 entries, 71294 approx bytes
INFO  2026-09-11 22:05:20,591 [shard 0:main] timestar.native_index - SSTable write starting for file 1
INFO  2026-09-11 22:05:20,594 [shard 0:main] timestar.native_index - SSTable write complete: 507 entries, 5608 bytes
INFO  2026-09-11 22:05:20,614 [shard 0:main] timestar.native_index - NativeIndex closed on shard 0
[       OK ] QueryOptimizationTest.MeasurementHLLUpdatedOnInsert (44 ms)
[ RUN      ] QueryOptimizationTest.TagHLLUpdatedOnInsert
INFO  2026-09-11 22:05:20,629 [shard 0:main] timestar.native_index - NativeIndex opened at: /home/matt/Desktop/source/tsdb/build/allocator-crash-probes/shard_0/native_index (0 SSTables, 2 MemTable entries, 0 local IDs)
INFO  2026-09-11 22:05:20,635 [shard 0:main] timestar.native_index - Flushing immutable MemTable: 411 entries, 62066 approx bytes
INFO  2026-09-11 22:05:20,636 [shard 0:main] timestar.native_index - SSTable write starting for file 1
INFO  2026-09-11 22:05:20,638 [shard 0:main] timestar.native_index - SSTable write complete: 411 entries, 4758 bytes
INFO  2026-09-11 22:05:20,658 [shard 0:main] timestar.native_index - NativeIndex closed on shard 0
[       OK ] QueryOptimizationTest.TagHLLUpdatedOnInsert (44 ms)
[ RUN      ] QueryOptimizationTest.HLLPersistsAcrossFlushCompactReopen
INFO  2026-09-11 22:05:20,673 [shard 0:main] timestar.native_index - NativeIndex opened at: /home/matt/Desktop/source/tsdb/build/allocator-crash-probes/shard_0/native_index (0 SSTables, 2 MemTable entries, 0 local IDs)
INFO  2026-09-11 22:05:20,680 [shard 0:main] timestar.native_index - Flushing immutable MemTable: 1007 entries, 133556 approx bytes
INFO  2026-09-11 22:05:20,680 [shard 0:main] timestar.native_index - SSTable write starting for file 1
INFO  2026-09-11 22:05:20,683 [shard 0:main] timestar.native_index - SSTable write complete: 1007 entries, 13078 bytes
INFO  2026-09-11 22:05:20,695 [shard 0:main] timestar.native_index - Flushing immutable MemTable: 2 entries, 170 approx bytes
INFO  2026-09-11 22:05:20,695 [shard 0:main] timestar.native_index - SSTable write starting for file 2
INFO  2026-09-11 22:05:20,698 [shard 0:main] timestar.native_index - SSTable write complete: 2 entries, 139 bytes
INFO  2026-09-11 22:05:20,717 [shard 0:main] timestar.native_index - NativeIndex closed on shard 0
INFO  2026-09-11 22:05:20,721 [shard 0:main] timestar.native_index - Replayed 1 WAL records into MemTable
INFO  2026-09-11 22:05:20,721 [shard 0:main] timestar.native_index - Flushing immutable MemTable: 1 entries, 82 approx bytes
INFO  2026-09-11 22:05:20,721 [shard 0:main] timestar.native_index - SSTable write starting for file 3
INFO  2026-09-11 22:05:20,724 [shard 0:main] timestar.native_index - SSTable write complete: 1 entries, 128 bytes
INFO  2026-09-11 22:05:20,731 [shard 0:main] timestar.native_index - Recovered MemTable flushed to SSTable before WAL reuse
INFO  2026-09-11 22:05:20,737 [shard 0:main] timestar.native_index - Restored LocalIdMap: 200 mappings
INFO  2026-09-11 22:05:20,737 [shard 0:main] timestar.native_index - Rebuilt blooms for 1 measurements
INFO  2026-09-11 22:05:20,737 [shard 0:main] timestar.native_index - NativeIndex opened at: /home/matt/Desktop/source/tsdb/build/allocator-crash-probes/shard_0/native_index (3 SSTables, 2 MemTable entries, 200 local IDs)
INFO  2026-09-11 22:05:20,740 [shard 0:main] timestar.native_index - Flushing immutable MemTable: 2 entries, 435 approx bytes
INFO  2026-09-11 22:05:20,740 [shard 0:main] timestar.native_index - SSTable write starting for file 4
INFO  2026-09-11 22:05:20,743 [shard 0:main] timestar.native_index - SSTable write complete: 2 entries, 419 bytes
INFO  2026-09-11 22:05:20,757 [shard 0:main] timestar.compaction - Compaction L0 -> L1: merged 4 files, 1008 keys written, 0 tombstones dropped, 52998 bytes
INFO  2026-09-11 22:05:20,770 [shard 0:main] timestar.native_index - NativeIndex closed on shard 0
[       OK ] QueryOptimizationTest.HLLPersistsAcrossFlushCompactReopen (111 ms)
[ RUN      ] QueryOptimizationTest.BloomFilterPreventsUnnecessaryLookups
INFO  2026-09-11 22:05:20,786 [shard 0:main] timestar.native_index - NativeIndex opened at: /home/matt/Desktop/source/tsdb/build/allocator-crash-probes/shard_0/native_index (0 SSTables, 2 MemTable entries, 0 local IDs)
INFO  2026-09-11 22:05:20,791 [shard 0:main] timestar.native_index - Flushing immutable MemTable: 259 entries, 45103 approx bytes
INFO  2026-09-11 22:05:20,792 [shard 0:main] timestar.native_index - SSTable write starting for file 1
INFO  2026-09-11 22:05:20,794 [shard 0:main] timestar.native_index - SSTable write complete: 259 entries, 3089 bytes
INFO  2026-09-11 22:05:20,807 [shard 0:main] timestar.native_index - Flushing immutable MemTable: 2 entries, 170 approx bytes
INFO  2026-09-11 22:05:20,807 [shard 0:main] timestar.native_index - SSTable write starting for file 2
INFO  2026-09-11 22:05:20,810 [shard 0:main] timestar.native_index - SSTable write complete: 2 entries, 139 bytes
INFO  2026-09-11 22:05:20,829 [shard 0:main] timestar.native_index - NativeIndex closed on shard 0
[       OK ] QueryOptimizationTest.BloomFilterPreventsUnnecessaryLookups (58 ms)
[ RUN      ] QueryOptimizationTest.BloomFilterAllowsExistingTags
INFO  2026-09-11 22:05:20,843 [shard 0:main] timestar.native_index - NativeIndex opened at: /home/matt/Desktop/source/tsdb/build/allocator-crash-probes/shard_0/native_index (0 SSTables, 2 MemTable entries, 0 local IDs)
INFO  2026-09-11 22:05:20,850 [shard 0:main] timestar.native_index - Flushing immutable MemTable: 107 entries, 27838 approx bytes
INFO  2026-09-11 22:05:20,850 [shard 0:main] timestar.native_index - SSTable write starting for file 1
INFO  2026-09-11 22:05:20,853 [shard 0:main] timestar.native_index - SSTable write complete: 107 entries, 1484 bytes
INFO  2026-09-11 22:05:20,864 [shard 0:main] timestar.native_index - Flushing immutable MemTable: 2 entries, 170 approx bytes
INFO  2026-09-11 22:05:20,864 [shard 0:main] timestar.native_index - SSTable write starting for file 2
INFO  2026-09-11 22:05:20,867 [shard 0:main] timestar.native_index - SSTable write complete: 2 entries, 139 bytes
INFO  2026-09-11 22:05:20,887 [shard 0:main] timestar.native_index - NativeIndex closed on shard 0
[       OK ] QueryOptimizationTest.BloomFilterAllowsExistingTags (58 ms)
[----------] 5 tests from QueryOptimizationTest (317 ms total)

[----------] 1 test from SSTableTest
[ RUN      ] SSTableTest.BloomFilterRejects
[       OK ] SSTableTest.BloomFilterRejects (0 ms)
[----------] 1 test from SSTableTest (0 ms total)

[----------] 4 tests from DayBitmapKeyEncoding
[ RUN      ] DayBitmapKeyEncoding.DayBucketFromNs
[       OK ] DayBitmapKeyEncoding.DayBucketFromNs (0 ms)
[ RUN      ] DayBitmapKeyEncoding.EncodeDecode
[       OK ] DayBitmapKeyEncoding.EncodeDecode (0 ms)
[ RUN      ] DayBitmapKeyEncoding.PrefixScan
[       OK ] DayBitmapKeyEncoding.PrefixScan (0 ms)
[ RUN      ] DayBitmapKeyEncoding.DecodeTooShortKeyThrows
[       OK ] DayBitmapKeyEncoding.DecodeTooShortKeyThrows (0 ms)
[----------] 4 tests from DayBitmapKeyEncoding (0 ms total)

[----------] 25 tests from TimeScopedPostingsTest
[ RUN      ] TimeScopedPostingsTest.SingleDayInsertAndQuery
INFO  2026-09-11 22:05:20,903 [shard 0:main] timestar.native_index - NativeIndex opened at: /home/matt/Desktop/source/tsdb/build/allocator-crash-probes/shard_0/native_index (0 SSTables, 2 MemTable entries, 0 local IDs)
INFO  2026-09-11 22:05:20,909 [shard 0:main] timestar.native_index - Flushing immutable MemTable: 15 entries, 17833 approx bytes
INFO  2026-09-11 22:05:20,909 [shard 0:main] timestar.native_index - SSTable write starting for file 1
INFO  2026-09-11 22:05:20,912 [shard 0:main] timestar.native_index - SSTable write complete: 15 entries, 406 bytes
INFO  2026-09-11 22:05:20,932 [shard 0:main] timestar.native_index - NativeIndex closed on shard 0
[       OK ] TimeScopedPostingsTest.SingleDayInsertAndQuery (43 ms)
[ RUN      ] TimeScopedPostingsTest.SharedTimestampDaysPreserveGapsAfterReopen
INFO  2026-09-11 22:05:20,947 [shard 0:main] timestar.native_index - NativeIndex opened at: /home/matt/Desktop/source/tsdb/build/allocator-crash-probes/shard_0/native_index (0 SSTables, 2 MemTable entries, 0 local IDs)
INFO  2026-09-11 22:05:20,955 [shard 0:main] timestar.native_index - Flushing immutable MemTable: 17 entries, 18092 approx bytes
INFO  2026-09-11 22:05:20,955 [shard 0:main] timestar.native_index - SSTable write starting for file 1
INFO  2026-09-11 22:05:20,958 [shard 0:main] timestar.native_index - SSTable write complete: 17 entries, 437 bytes
INFO  2026-09-11 22:05:20,978 [shard 0:main] timestar.native_index - NativeIndex closed on shard 0
INFO  2026-09-11 22:05:20,981 [shard 0:main] timestar.native_index - Replayed 1 WAL records into MemTable
INFO  2026-09-11 22:05:20,982 [shard 0:main] timestar.native_index - Flushing immutable MemTable: 1 entries, 82 approx bytes
INFO  2026-09-11 22:05:20,982 [shard 0:main] timestar.native_index - SSTable write starting for file 2
INFO  2026-09-11 22:05:20,984 [shard 0:main] timestar.native_index - SSTable write complete: 1 entries, 128 bytes
INFO  2026-09-11 22:05:20,990 [shard 0:main] timestar.native_index - Recovered MemTable flushed to SSTable before WAL reuse
INFO  2026-09-11 22:05:20,997 [shard 0:main] timestar.native_index - Restored LocalIdMap: 2 mappings
INFO  2026-09-11 22:05:20,997 [shard 0:main] timestar.native_index - Rebuilt blooms for 1 measurements
INFO  2026-09-11 22:05:20,997 [shard 0:main] timestar.native_index - NativeIndex opened at: /home/matt/Desktop/source/tsdb/build/allocator-crash-probes/shard_0/native_index (2 SSTables, 2 MemTable entries, 2 local IDs)
INFO  2026-09-11 22:05:21,001 [shard 0:main] timestar.native_index - Flushing immutable MemTable: 4 entries, 349 approx bytes
INFO  2026-09-11 22:05:21,001 [shard 0:main] timestar.native_index - SSTable write starting for file 3
INFO  2026-09-11 22:05:21,004 [shard 0:main] timestar.native_index - SSTable write complete: 4 entries, 165 bytes
INFO  2026-09-11 22:05:21,023 [shard 0:main] timestar.native_index - NativeIndex closed on shard 0
[       OK ] TimeScopedPostingsTest.SharedTimestampDaysPreserveGapsAfterReopen (91 ms)
[ RUN      ] TimeScopedPostingsTest.MultiDayNarrowQuery
INFO  2026-09-11 22:05:21,038 [shard 0:main] timestar.native_index - NativeIndex opened at: /home/matt/Desktop/source/tsdb/build/allocator-crash-probes/shard_0/native_index (0 SSTables, 2 MemTable entries, 0 local IDs)
INFO  2026-09-11 22:05:21,044 [shard 0:main] timestar.native_index - Flushing immutable MemTable: 23 entries, 18729 approx bytes
INFO  2026-09-11 22:05:21,044 [shard 0:main] timestar.native_index - SSTable write starting for file 1
INFO  2026-09-11 22:05:21,048 [shard 0:main] timestar.native_index - SSTable write complete: 23 entries, 521 bytes
INFO  2026-09-11 22:05:21,067 [shard 0:main] timestar.native_index - NativeIndex closed on shard 0
[       OK ] TimeScopedPostingsTest.MultiDayNarrowQuery (43 ms)
[ RUN      ] TimeScopedPostingsTest.InactiveDayReturnsEmpty
INFO  2026-09-11 22:05:21,082 [shard 0:main] timestar.native_index - NativeIndex opened at: /home/matt/Desktop/source/tsdb/build/allocator-crash-probes/shard_0/native_index (0 SSTables, 2 MemTable entries, 0 local IDs)
INFO  2026-09-11 22:05:21,088 [shard 0:main] timestar.native_index - Flushing immutable MemTable: 15 entries, 17809 approx bytes
INFO  2026-09-11 22:05:21,088 [shard 0:main] timestar.native_index - SSTable write starting for file 1
INFO  2026-09-11 22:05:21,091 [shard 0:main] timestar.native_index - SSTable write complete: 15 entries, 390 bytes
INFO  2026-09-11 22:05:21,110 [shard 0:main] timestar.native_index - NativeIndex closed on shard 0
[       OK ] TimeScopedPostingsTest.InactiveDayReturnsEmpty (43 ms)
[ RUN      ] TimeScopedPostingsTest.TimeScopedWithTagFilter
INFO  2026-09-11 22:05:21,126 [shard 0:main] timestar.native_index - NativeIndex opened at: /home/matt/Desktop/source/tsdb/build/allocator-crash-probes/shard_0/native_index (0 SSTables, 2 MemTable entries, 0 local IDs)
INFO  2026-09-11 22:05:21,132 [shard 0:main] timestar.native_index - Flushing immutable MemTable: 26 entries, 19011 approx bytes
INFO  2026-09-11 22:05:21,132 [shard 0:main] timestar.native_index - SSTable write starting for file 1
INFO  2026-09-11 22:05:21,134 [shard 0:main] timestar.native_index - SSTable write complete: 26 entries, 586 bytes
INFO  2026-09-11 22:05:21,154 [shard 0:main] timestar.native_index - NativeIndex closed on shard 0
[       OK ] TimeScopedPostingsTest.TimeScopedWithTagFilter (44 ms)
[ RUN      ] TimeScopedPostingsTest.PersistenceAfterFlushCompactReopen
INFO  2026-09-11 22:05:21,170 [shard 0:main] timestar.native_index - NativeIndex opened at: /home/matt/Desktop/source/tsdb/build/allocator-crash-probes/shard_0/native_index (0 SSTables, 2 MemTable entries, 0 local IDs)
INFO  2026-09-11 22:05:21,175 [shard 0:main] timestar.native_index - Flushing immutable MemTable: 21 entries, 18445 approx bytes
INFO  2026-09-11 22:05:21,175 [shard 0:main] timestar.native_index - SSTable write starting for file 1
INFO  2026-09-11 22:05:21,178 [shard 0:main] timestar.native_index - SSTable write complete: 21 entries, 477 bytes
INFO  2026-09-11 22:05:21,191 [shard 0:main] timestar.native_index - Flushing immutable MemTable: 2 entries, 170 approx bytes
INFO  2026-09-11 22:05:21,191 [shard 0:main] timestar.native_index - SSTable write starting for file 2
INFO  2026-09-11 22:05:21,193 [shard 0:main] timestar.native_index - SSTable write complete: 2 entries, 139 bytes
INFO  2026-09-11 22:05:21,212 [shard 0:main] timestar.native_index - NativeIndex closed on shard 0
INFO  2026-09-11 22:05:21,217 [shard 0:main] timestar.native_index - Replayed 1 WAL records into MemTable
INFO  2026-09-11 22:05:21,217 [shard 0:main] timestar.native_index - Flushing immutable MemTable: 1 entries, 82 approx bytes
INFO  2026-09-11 22:05:21,217 [shard 0:main] timestar.native_index - SSTable write starting for file 3
INFO  2026-09-11 22:05:21,220 [shard 0:main] timestar.native_index - SSTable write complete: 1 entries, 128 bytes
INFO  2026-09-11 22:05:21,226 [shard 0:main] timestar.native_index - Recovered MemTable flushed to SSTable before WAL reuse
INFO  2026-09-11 22:05:21,232 [shard 0:main] timestar.native_index - Restored LocalIdMap: 2 mappings
INFO  2026-09-11 22:05:21,232 [shard 0:main] timestar.native_index - Rebuilt blooms for 1 measurements
INFO  2026-09-11 22:05:21,232 [shard 0:main] timestar.native_index - NativeIndex opened at: /home/matt/Desktop/source/tsdb/build/allocator-crash-probes/shard_0/native_index (3 SSTables, 2 MemTable entries, 2 local IDs)
INFO  2026-09-11 22:05:21,235 [shard 0:main] timestar.native_index - Flushing immutable MemTable: 4 entries, 350 approx bytes
INFO  2026-09-11 22:05:21,235 [shard 0:main] timestar.native_index - SSTable write starting for file 4
INFO  2026-09-11 22:05:21,238 [shard 0:main] timestar.native_index - SSTable write complete: 4 entries, 166 bytes
INFO  2026-09-11 22:05:21,251 [shard 0:main] timestar.compaction - Compaction L0 -> L1: merged 4 files, 22 keys written, 0 tombstones dropped, 16767 bytes
INFO  2026-09-11 22:05:21,265 [shard 0:main] timestar.native_index - NativeIndex closed on shard 0
[       OK ] TimeScopedPostingsTest.PersistenceAfterFlushCompactReopen (110 ms)
[ RUN      ] TimeScopedPostingsTest.BackfillMarksHistoricalDays
INFO  2026-09-11 22:05:21,280 [shard 0:main] timestar.native_index - NativeIndex opened at: /home/matt/Desktop/source/tsdb/build/allocator-crash-probes/shard_0/native_index (0 SSTables, 2 MemTable entries, 0 local IDs)
INFO  2026-09-11 22:05:21,286 [shard 0:main] timestar.native_index - Flushing immutable MemTable: 44 entries, 21415 approx bytes
INFO  2026-09-11 22:05:21,286 [shard 0:main] timestar.native_index - SSTable write starting for file 1
INFO  2026-09-11 22:05:21,289 [shard 0:main] timestar.native_index - SSTable write complete: 44 entries, 629 bytes
INFO  2026-09-11 22:05:21,308 [shard 0:main] timestar.native_index - NativeIndex closed on shard 0
[       OK ] TimeScopedPostingsTest.BackfillMarksHistoricalDays (42 ms)
[ RUN      ] TimeScopedPostingsTest.RetentionCleanupRemovesOldDayBitmaps
INFO  2026-09-11 22:05:21,323 [shard 0:main] timestar.native_index - NativeIndex opened at: /home/matt/Desktop/source/tsdb/build/allocator-crash-probes/shard_0/native_index (0 SSTables, 2 MemTable entries, 0 local IDs)
INFO  2026-09-11 22:05:21,329 [shard 0:main] timestar.native_index - Flushing immutable MemTable: 20 entries, 18354 approx bytes
INFO  2026-09-11 22:05:21,329 [shard 0:main] timestar.native_index - SSTable write starting for file 1
INFO  2026-09-11 22:05:21,335 [shard 0:main] timestar.native_index - SSTable write complete: 20 entries, 476 bytes
INFO  2026-09-11 22:05:21,356 [shard 0:main] timestar.native_index - NativeIndex closed on shard 0
[       OK ] TimeScopedPostingsTest.RetentionCleanupRemovesOldDayBitmaps (48 ms)
[ RUN      ] TimeScopedPostingsTest.FallbackWhenNoDayBitmaps
INFO  2026-09-11 22:05:21,406 [shard 0:main] timestar.native_index - NativeIndex opened at: /home/matt/Desktop/source/tsdb/build/allocator-crash-probes/shard_0/native_index (0 SSTables, 2 MemTable entries, 0 local IDs)
INFO  2026-09-11 22:05:21,411 [shard 0:main] timestar.native_index - Flushing immutable MemTable: 12 entries, 17569 approx bytes
INFO  2026-09-11 22:05:21,411 [shard 0:main] timestar.native_index - SSTable write starting for file 1
INFO  2026-09-11 22:05:21,414 [shard 0:main] timestar.native_index - SSTable write complete: 12 entries, 384 bytes
INFO  2026-09-11 22:05:21,434 [shard 0:main] timestar.native_index - NativeIndex closed on shard 0
[       OK ] TimeScopedPostingsTest.FallbackWhenNoDayBitmaps (78 ms)
[ RUN      ] TimeScopedPostingsTest.LargeScaleNarrowVsWide
INFO  2026-09-11 22:05:21,449 [shard 0:main] timestar.native_index - NativeIndex opened at: /home/matt/Desktop/source/tsdb/build/allocator-crash-probes/shard_0/native_index (0 SSTables, 2 MemTable entries, 0 local IDs)
INFO  2026-09-11 22:05:21,456 [shard 0:main] timestar.native_index - Flushing immutable MemTable: 1013 entries, 128352 approx bytes
INFO  2026-09-11 22:05:21,456 [shard 0:main] timestar.native_index - SSTable write starting for file 1
INFO  2026-09-11 22:05:21,459 [shard 0:main] timestar.native_index - SSTable write complete: 1013 entries, 12056 bytes
INFO  2026-09-11 22:05:21,479 [shard 0:main] timestar.native_index - NativeIndex closed on shard 0
[       OK ] TimeScopedPostingsTest.LargeScaleNarrowVsWide (45 ms)
[ RUN      ] TimeScopedPostingsTest.FieldFilterWithTimeScope
INFO  2026-09-11 22:05:21,494 [shard 0:main] timestar.native_index - NativeIndex opened at: /home/matt/Desktop/source/tsdb/build/allocator-crash-probes/shard_0/native_index (0 SSTables, 2 MemTable entries, 0 local IDs)
INFO  2026-09-11 22:05:21,500 [shard 0:main] timestar.native_index - Flushing immutable MemTable: 19 entries, 18251 approx bytes
INFO  2026-09-11 22:05:21,501 [shard 0:main] timestar.native_index - SSTable write starting for file 1
INFO  2026-09-11 22:05:21,503 [shard 0:main] timestar.native_index - SSTable write complete: 19 entries, 474 bytes
INFO  2026-09-11 22:05:21,522 [shard 0:main] timestar.native_index - NativeIndex closed on shard 0
[       OK ] TimeScopedPostingsTest.FieldFilterWithTimeScope (42 ms)
[ RUN      ] TimeScopedPostingsTest.MultiTagIntersectionWithTimeScope
INFO  2026-09-11 22:05:21,538 [shard 0:main] timestar.native_index - NativeIndex opened at: /home/matt/Desktop/source/tsdb/build/allocator-crash-probes/shard_0/native_index (0 SSTables, 2 MemTable entries, 0 local IDs)
INFO  2026-09-11 22:05:21,543 [shard 0:main] timestar.native_index - Flushing immutable MemTable: 28 entries, 19256 approx bytes
INFO  2026-09-11 22:05:21,543 [shard 0:main] timestar.native_index - SSTable write starting for file 1
INFO  2026-09-11 22:05:21,546 [shard 0:main] timestar.native_index - SSTable write complete: 28 entries, 623 bytes
INFO  2026-09-11 22:05:21,567 [shard 0:main] timestar.native_index - NativeIndex closed on shard 0
[       OK ] TimeScopedPostingsTest.MultiTagIntersectionWithTimeScope (44 ms)
[ RUN      ] TimeScopedPostingsTest.MetadataOpDaySpanCoversFirstBatch
INFO  2026-09-11 22:05:21,582 [shard 0:main] timestar.native_index - NativeIndex opened at: /home/matt/Desktop/source/tsdb/build/allocator-crash-probes/shard_0/native_index (0 SSTables, 2 MemTable entries, 0 local IDs)
INFO  2026-09-11 22:05:21,590 [shard 0:main] timestar.native_index - Flushing immutable MemTable: 16 entries, 18001 approx bytes
INFO  2026-09-11 22:05:21,591 [shard 0:main] timestar.native_index - SSTable write starting for file 1
INFO  2026-09-11 22:05:21,594 [shard 0:main] timestar.native_index - SSTable write complete: 16 entries, 434 bytes
INFO  2026-09-11 22:05:21,613 [shard 0:main] timestar.native_index - NativeIndex closed on shard 0
[       OK ] TimeScopedPostingsTest.MetadataOpDaySpanCoversFirstBatch (45 ms)
[ RUN      ] TimeScopedPostingsTest.RecordInsertDaysAddsLaterDays
INFO  2026-09-11 22:05:21,628 [shard 0:main] timestar.native_index - NativeIndex opened at: /home/matt/Desktop/source/tsdb/build/allocator-crash-probes/shard_0/native_index (0 SSTables, 2 MemTable entries, 0 local IDs)
INFO  2026-09-11 22:05:21,637 [shard 0:main] timestar.native_index - Flushing immutable MemTable: 15 entries, 17822 approx bytes
INFO  2026-09-11 22:05:21,637 [shard 0:main] timestar.native_index - SSTable write starting for file 1
INFO  2026-09-11 22:05:21,640 [shard 0:main] timestar.native_index - SSTable write complete: 15 entries, 396 bytes
INFO  2026-09-11 22:05:21,660 [shard 0:main] timestar.native_index - NativeIndex closed on shard 0
[       OK ] TimeScopedPostingsTest.RecordInsertDaysAddsLaterDays (46 ms)
[ RUN      ] TimeScopedPostingsTest.TimeScopedCachedServesSharedVector
INFO  2026-09-11 22:05:21,675 [shard 0:main] timestar.native_index - NativeIndex opened at: /home/matt/Desktop/source/tsdb/build/allocator-crash-probes/shard_0/native_index (0 SSTables, 2 MemTable entries, 0 local IDs)
INFO  2026-09-11 22:05:21,681 [shard 0:main] timestar.native_index - Flushing immutable MemTable: 14 entries, 17787 approx bytes
INFO  2026-09-11 22:05:21,681 [shard 0:main] timestar.native_index - SSTable write starting for file 1
INFO  2026-09-11 22:05:21,684 [shard 0:main] timestar.native_index - SSTable write complete: 14 entries, 426 bytes
INFO  2026-09-11 22:05:21,704 [shard 0:main] timestar.native_index - NativeIndex closed on shard 0
[       OK ] TimeScopedPostingsTest.TimeScopedCachedServesSharedVector (44 ms)
[ RUN      ] TimeScopedPostingsTest.TimeScopedCachedInvalidatedByNewDayMembership
INFO  2026-09-11 22:05:21,719 [shard 0:main] timestar.native_index - NativeIndex opened at: /home/matt/Desktop/source/tsdb/build/allocator-crash-probes/shard_0/native_index (0 SSTables, 2 MemTable entries, 0 local IDs)
INFO  2026-09-11 22:05:21,725 [shard 0:main] timestar.native_index - Flushing immutable MemTable: 15 entries, 17900 approx bytes
INFO  2026-09-11 22:05:21,725 [shard 0:main] timestar.native_index - SSTable write starting for file 1
INFO  2026-09-11 22:05:21,733 [shard 0:main] timestar.native_index - SSTable write complete: 15 entries, 441 bytes
INFO  2026-09-11 22:05:21,756 [shard 0:main] timestar.native_index - NativeIndex closed on shard 0
[       OK ] TimeScopedPostingsTest.TimeScopedCachedInvalidatedByNewDayMembership (51 ms)
[ RUN      ] TimeScopedPostingsTest.DayMembershipSurvivesUncleanShutdown
INFO  2026-09-11 22:05:21,771 [shard 0:main] timestar.native_index - NativeIndex opened at: /home/matt/Desktop/source/tsdb/build/allocator-crash-probes/shard_0/native_index (0 SSTables, 2 MemTable entries, 0 local IDs)
INFO  2026-09-11 22:05:21,777 [shard 0:main] timestar.native_index - Flushing immutable MemTable: 15 entries, 17893 approx bytes
INFO  2026-09-11 22:05:21,777 [shard 0:main] timestar.native_index - SSTable write starting for file 1
INFO  2026-09-11 22:05:21,780 [shard 0:main] timestar.native_index - SSTable write complete: 15 entries, 443 bytes
INFO  2026-09-11 22:05:21,792 [shard 0:main] timestar.native_index - Flushing immutable MemTable: 2 entries, 170 approx bytes
INFO  2026-09-11 22:05:21,792 [shard 0:main] timestar.native_index - SSTable write starting for file 2
INFO  2026-09-11 22:05:21,795 [shard 0:main] timestar.native_index - SSTable write complete: 2 entries, 139 bytes
INFO  2026-09-11 22:05:21,815 [shard 0:main] timestar.native_index - NativeIndex closed on shard 0
INFO  2026-09-11 22:05:21,818 [shard 0:main] timestar.native_index - Replayed 1 WAL records into MemTable
INFO  2026-09-11 22:05:21,819 [shard 0:main] timestar.native_index - Flushing immutable MemTable: 1 entries, 82 approx bytes
INFO  2026-09-11 22:05:21,819 [shard 0:main] timestar.native_index - SSTable write starting for file 3
INFO  2026-09-11 22:05:21,822 [shard 0:main] timestar.native_index - SSTable write complete: 1 entries, 128 bytes
INFO  2026-09-11 22:05:21,829 [shard 0:main] timestar.native_index - Recovered MemTable flushed to SSTable before WAL reuse
INFO  2026-09-11 22:05:21,834 [shard 0:main] timestar.native_index - Restored LocalIdMap: 1 mappings
INFO  2026-09-11 22:05:21,834 [shard 0:main] timestar.native_index - Rebuilt blooms for 1 measurements
INFO  2026-09-11 22:05:21,834 [shard 0:main] timestar.native_index - NativeIndex opened at: /home/matt/Desktop/source/tsdb/build/allocator-crash-probes/shard_0/native_index (3 SSTables, 2 MemTable entries, 1 local IDs)
INFO  2026-09-11 22:05:21,837 [shard 0:main] timestar.native_index - Flushing immutable MemTable: 3 entries, 266 approx bytes
INFO  2026-09-11 22:05:21,837 [shard 0:main] timestar.native_index - SSTable write starting for file 4
INFO  2026-09-11 22:05:21,840 [shard 0:main] timestar.native_index - SSTable write complete: 3 entries, 165 bytes
INFO  2026-09-11 22:05:21,854 [shard 0:main] timestar.compaction - Compaction L0 -> L1: merged 4 files, 16 keys written, 0 tombstones dropped, 16695 bytes
INFO  2026-09-11 22:05:21,867 [shard 0:main] timestar.native_index - NativeIndex closed on shard 0
INFO  2026-09-11 22:05:21,871 [shard 0:main] timestar.native_index - Replayed 1 WAL records into MemTable
INFO  2026-09-11 22:05:21,871 [shard 0:main] timestar.native_index - Flushing immutable MemTable: 1 entries, 82 approx bytes
INFO  2026-09-11 22:05:21,871 [shard 0:main] timestar.native_index - SSTable write starting for file 6
INFO  2026-09-11 22:05:21,874 [shard 0:main] timestar.native_index - SSTable write complete: 1 entries, 128 bytes
INFO  2026-09-11 22:05:21,880 [shard 0:main] timestar.native_index - Recovered MemTable flushed to SSTable before WAL reuse
INFO  2026-09-11 22:05:21,886 [shard 0:main] timestar.native_index - Restored LocalIdMap: 1 mappings
INFO  2026-09-11 22:05:21,886 [shard 0:main] timestar.native_index - Rebuilt blooms for 1 measurements
INFO  2026-09-11 22:05:21,886 [shard 0:main] timestar.native_index - NativeIndex opened at: /home/matt/Desktop/source/tsdb/build/allocator-crash-probes/shard_0/native_index (2 SSTables, 2 MemTable entries, 1 local IDs)
INFO  2026-09-11 22:05:21,894 [shard 0:main] timestar.native_index - Flushing immutable MemTable: 9 entries, 852 approx bytes
INFO  2026-09-11 22:05:21,894 [shard 0:main] timestar.native_index - SSTable write starting for file 7
INFO  2026-09-11 22:05:21,897 [shard 0:main] timestar.native_index - SSTable write complete: 9 entries, 234 bytes
INFO  2026-09-11 22:05:21,916 [shard 0:main] timestar.native_index - NativeIndex closed on shard 0
[       OK ] TimeScopedPostingsTest.DayMembershipSurvivesUncleanShutdown (160 ms)
[ RUN      ] TimeScopedPostingsTest.EveryDayInTheCrashWindowStaysDiscoverable
INFO  2026-09-11 22:05:21,932 [shard 0:main] timestar.native_index - NativeIndex opened at: /home/matt/Desktop/source/tsdb/build/allocator-crash-probes/shard_0/native_index (0 SSTables, 2 MemTable entries, 0 local IDs)
INFO  2026-09-11 22:05:21,937 [shard 0:main] timestar.native_index - Flushing immutable MemTable: 35 entries, 20110 approx bytes
INFO  2026-09-11 22:05:21,937 [shard 0:main] timestar.native_index - SSTable write starting for file 1
INFO  2026-09-11 22:05:21,940 [shard 0:main] timestar.native_index - SSTable write complete: 35 entries, 720 bytes
INFO  2026-09-11 22:05:21,953 [shard 0:main] timestar.native_index - Flushing immutable MemTable: 2 entries, 170 approx bytes
INFO  2026-09-11 22:05:21,953 [shard 0:main] timestar.native_index - SSTable write starting for file 2
INFO  2026-09-11 22:05:21,955 [shard 0:main] timestar.native_index - SSTable write complete: 2 entries, 139 bytes
INFO  2026-09-11 22:05:21,975 [shard 0:main] timestar.native_index - NativeIndex closed on shard 0
INFO  2026-09-11 22:05:21,979 [shard 0:main] timestar.native_index - Replayed 1 WAL records into MemTable
INFO  2026-09-11 22:05:21,979 [shard 0:main] timestar.native_index - Flushing immutable MemTable: 1 entries, 82 approx bytes
INFO  2026-09-11 22:05:21,979 [shard 0:main] timestar.native_index - SSTable write starting for file 3
INFO  2026-09-11 22:05:21,982 [shard 0:main] timestar.native_index - SSTable write complete: 1 entries, 128 bytes
INFO  2026-09-11 22:05:21,988 [shard 0:main] timestar.native_index - Recovered MemTable flushed to SSTable before WAL reuse
INFO  2026-09-11 22:05:21,994 [shard 0:main] timestar.native_index - Restored LocalIdMap: 5 mappings
INFO  2026-09-11 22:05:21,994 [shard 0:main] timestar.native_index - Rebuilt blooms for 1 measurements
INFO  2026-09-11 22:05:21,994 [shard 0:main] timestar.native_index - NativeIndex opened at: /home/matt/Desktop/source/tsdb/build/allocator-crash-probes/shard_0/native_index (3 SSTables, 2 MemTable entries, 5 local IDs)
INFO  2026-09-11 22:05:21,997 [shard 0:main] timestar.native_index - Flushing immutable MemTable: 3 entries, 266 approx bytes
INFO  2026-09-11 22:05:21,997 [shard 0:main] timestar.native_index - SSTable write starting for file 4
INFO  2026-09-11 22:05:22,000 [shard 0:main] timestar.native_index - SSTable write complete: 3 entries, 165 bytes
INFO  2026-09-11 22:05:22,013 [shard 0:main] timestar.compaction - Compaction L0 -> L1: merged 4 files, 36 keys written, 0 tombstones dropped, 17312 bytes
INFO  2026-09-11 22:05:22,027 [shard 0:main] timestar.native_index - NativeIndex closed on shard 0
INFO  2026-09-11 22:05:22,030 [shard 0:main] timestar.native_index - Replayed 1 WAL records into MemTable
INFO  2026-09-11 22:05:22,030 [shard 0:main] timestar.native_index - Flushing immutable MemTable: 1 entries, 82 approx bytes
INFO  2026-09-11 22:05:22,030 [shard 0:main] timestar.native_index - SSTable write starting for file 6
INFO  2026-09-11 22:05:22,033 [shard 0:main] timestar.native_index - SSTable write complete: 1 entries, 128 bytes
INFO  2026-09-11 22:05:22,039 [shard 0:main] timestar.native_index - Recovered MemTable flushed to SSTable before WAL reuse
INFO  2026-09-11 22:05:22,045 [shard 0:main] timestar.native_index - Restored LocalIdMap: 5 mappings
INFO  2026-09-11 22:05:22,045 [shard 0:main] timestar.native_index - Rebuilt blooms for 1 measurements
INFO  2026-09-11 22:05:22,045 [shard 0:main] timestar.native_index - NativeIndex opened at: /home/matt/Desktop/source/tsdb/build/allocator-crash-probes/shard_0/native_index (2 SSTables, 2 MemTable entries, 5 local IDs)
INFO  2026-09-11 22:05:22,054 [shard 0:main] timestar.native_index - Flushing immutable MemTable: 10 entries, 949 approx bytes
INFO  2026-09-11 22:05:22,054 [shard 0:main] timestar.native_index - SSTable write starting for file 7
INFO  2026-09-11 22:05:22,057 [shard 0:main] timestar.native_index - SSTable write complete: 10 entries, 240 bytes
INFO  2026-09-11 22:05:22,076 [shard 0:main] timestar.native_index - NativeIndex closed on shard 0
[       OK ] TimeScopedPostingsTest.EveryDayInTheCrashWindowStaysDiscoverable (160 ms)
[ RUN      ] TimeScopedPostingsTest.DayBitmapWatermarkPersistsLastDurableDay
INFO  2026-09-11 22:05:22,091 [shard 0:main] timestar.native_index - NativeIndex opened at: /home/matt/Desktop/source/tsdb/build/allocator-crash-probes/shard_0/native_index (0 SSTables, 2 MemTable entries, 0 local IDs)
INFO  2026-09-11 22:05:22,097 [shard 0:main] timestar.native_index - Flushing immutable MemTable: 15 entries, 17790 approx bytes
INFO  2026-09-11 22:05:22,097 [shard 0:main] timestar.native_index - SSTable write starting for file 1
INFO  2026-09-11 22:05:22,100 [shard 0:main] timestar.native_index - SSTable write complete: 15 entries, 386 bytes
INFO  2026-09-11 22:05:22,119 [shard 0:main] timestar.native_index - NativeIndex closed on shard 0
INFO  2026-09-11 22:05:22,123 [shard 0:main] timestar.native_index - Replayed 1 WAL records into MemTable
INFO  2026-09-11 22:05:22,123 [shard 0:main] timestar.native_index - Flushing immutable MemTable: 1 entries, 82 approx bytes
INFO  2026-09-11 22:05:22,123 [shard 0:main] timestar.native_index - SSTable write starting for file 2
INFO  2026-09-11 22:05:22,126 [shard 0:main] timestar.native_index - SSTable write complete: 1 entries, 128 bytes
INFO  2026-09-11 22:05:22,132 [shard 0:main] timestar.native_index - Recovered MemTable flushed to SSTable before WAL reuse
INFO  2026-09-11 22:05:22,138 [shard 0:main] timestar.native_index - Restored LocalIdMap: 1 mappings
INFO  2026-09-11 22:05:22,138 [shard 0:main] timestar.native_index - Rebuilt blooms for 1 measurements
INFO  2026-09-11 22:05:22,138 [shard 0:main] timestar.native_index - NativeIndex opened at: /home/matt/Desktop/source/tsdb/build/allocator-crash-probes/shard_0/native_index (2 SSTables, 2 MemTable entries, 1 local IDs)
INFO  2026-09-11 22:05:22,141 [shard 0:main] timestar.native_index - Flushing immutable MemTable: 2 entries, 178 approx bytes
INFO  2026-09-11 22:05:22,141 [shard 0:main] timestar.native_index - SSTable write starting for file 3
INFO  2026-09-11 22:05:22,144 [shard 0:main] timestar.native_index - SSTable write complete: 2 entries, 151 bytes
INFO  2026-09-11 22:05:22,163 [shard 0:main] timestar.native_index - NativeIndex closed on shard 0
[       OK ] TimeScopedPostingsTest.DayBitmapWatermarkPersistsLastDurableDay (86 ms)
[ RUN      ] TimeScopedPostingsTest.TimedFlushPersistsDayBitmapsWithoutMemtableCrossing
INFO  2026-09-11 22:05:22,179 [shard 0:main] timestar.native_index - NativeIndex opened at: /home/matt/Desktop/source/tsdb/build/allocator-crash-probes/shard_0/native_index (0 SSTables, 2 MemTable entries, 0 local IDs)
INFO  2026-09-11 22:05:22,184 [shard 0:main] timestar.native_index - Flushing immutable MemTable: 16 entries, 17929 approx bytes
INFO  2026-09-11 22:05:22,184 [shard 0:main] timestar.native_index - SSTable write starting for file 1
INFO  2026-09-11 22:05:22,187 [shard 0:main] timestar.native_index - SSTable write complete: 16 entries, 425 bytes
INFO  2026-09-11 22:05:22,207 [shard 0:main] timestar.native_index - NativeIndex closed on shard 0
[       OK ] TimeScopedPostingsTest.TimedFlushPersistsDayBitmapsWithoutMemtableCrossing (43 ms)
[ RUN      ] TimeScopedPostingsTest.RebuildRespectsWindowAndDoesNotResurrectExpiredDays
INFO  2026-09-11 22:05:22,222 [shard 0:main] timestar.native_index - NativeIndex opened at: /home/matt/Desktop/source/tsdb/build/allocator-crash-probes/shard_0/native_index (0 SSTables, 2 MemTable entries, 0 local IDs)
INFO  2026-09-11 22:05:22,233 [shard 0:main] timestar.native_index - Flushing immutable MemTable: 16 entries, 17889 approx bytes
INFO  2026-09-11 22:05:22,233 [shard 0:main] timestar.native_index - SSTable write starting for file 1
INFO  2026-09-11 22:05:22,236 [shard 0:main] timestar.native_index - SSTable write complete: 16 entries, 396 bytes
INFO  2026-09-11 22:05:22,255 [shard 0:main] timestar.native_index - NativeIndex closed on shard 0
[       OK ] TimeScopedPostingsTest.RebuildRespectsWindowAndDoesNotResurrectExpiredDays (48 ms)
[ RUN      ] TimeScopedPostingsTest.RebuildAdvancesWatermarkOnlyOnCompletion
INFO  2026-09-11 22:05:22,271 [shard 0:main] timestar.native_index - NativeIndex opened at: /home/matt/Desktop/source/tsdb/build/allocator-crash-probes/shard_0/native_index (0 SSTables, 2 MemTable entries, 0 local IDs)
INFO  2026-09-11 22:05:22,289 [shard 0:main] timestar.native_index - Flushing immutable MemTable: 5015 entries, 557807 approx bytes
INFO  2026-09-11 22:05:22,289 [shard 0:main] timestar.native_index - SSTable write starting for file 1
INFO  2026-09-11 22:05:22,294 [shard 0:main] timestar.native_index - SSTable write complete: 5015 entries, 15449 bytes
INFO  2026-09-11 22:05:22,313 [shard 0:main] timestar.native_index - NativeIndex closed on shard 0
[       OK ] TimeScopedPostingsTest.RebuildAdvancesWatermarkOnlyOnCompletion (58 ms)
[ RUN      ] TimeScopedPostingsTest.RebuildAdvancesWatermarkWhenNothingWasMissing
INFO  2026-09-11 22:05:22,328 [shard 0:main] timestar.native_index - NativeIndex opened at: /home/matt/Desktop/source/tsdb/build/allocator-crash-probes/shard_0/native_index (0 SSTables, 2 MemTable entries, 0 local IDs)
INFO  2026-09-11 22:05:22,339 [shard 0:main] timestar.native_index - Flushing immutable MemTable: 16 entries, 17919 approx bytes
INFO  2026-09-11 22:05:22,339 [shard 0:main] timestar.native_index - SSTable write starting for file 1
INFO  2026-09-11 22:05:22,342 [shard 0:main] timestar.native_index - SSTable write complete: 16 entries, 418 bytes
INFO  2026-09-11 22:05:22,361 [shard 0:main] timestar.native_index - NativeIndex closed on shard 0
INFO  2026-09-11 22:05:22,365 [shard 0:main] timestar.native_index - Replayed 1 WAL records into MemTable
INFO  2026-09-11 22:05:22,365 [shard 0:main] timestar.native_index - Flushing immutable MemTable: 1 entries, 82 approx bytes
INFO  2026-09-11 22:05:22,365 [shard 0:main] timestar.native_index - SSTable write starting for file 2
INFO  2026-09-11 22:05:22,368 [shard 0:main] timestar.native_index - SSTable write complete: 1 entries, 128 bytes
INFO  2026-09-11 22:05:22,374 [shard 0:main] timestar.native_index - Recovered MemTable flushed to SSTable before WAL reuse
INFO  2026-09-11 22:05:22,380 [shard 0:main] timestar.native_index - Restored LocalIdMap: 1 mappings
INFO  2026-09-11 22:05:22,380 [shard 0:main] timestar.native_index - Rebuilt blooms for 1 measurements
INFO  2026-09-11 22:05:22,380 [shard 0:main] timestar.native_index - NativeIndex opened at: /home/matt/Desktop/source/tsdb/build/allocator-crash-probes/shard_0/native_index (2 SSTables, 2 MemTable entries, 1 local IDs)
INFO  2026-09-11 22:05:22,383 [shard 0:main] timestar.native_index - Flushing immutable MemTable: 2 entries, 182 approx bytes
INFO  2026-09-11 22:05:22,383 [shard 0:main] timestar.native_index - SSTable write starting for file 3
INFO  2026-09-11 22:05:22,386 [shard 0:main] timestar.native_index - SSTable write complete: 2 entries, 159 bytes
INFO  2026-09-11 22:05:22,405 [shard 0:main] timestar.native_index - NativeIndex closed on shard 0
[       OK ] TimeScopedPostingsTest.RebuildAdvancesWatermarkWhenNothingWasMissing (91 ms)
[ RUN      ] TimeScopedPostingsTest.ImplausibleFutureTimestampDoesNotPoisonTheWatermark
INFO  2026-09-11 22:05:22,420 [shard 0:main] timestar.native_index - NativeIndex opened at: /home/matt/Desktop/source/tsdb/build/allocator-crash-probes/shard_0/native_index (0 SSTables, 2 MemTable entries, 0 local IDs)
INFO  2026-09-11 22:05:22,426 [shard 0:main] timestar.native_index - Flushing immutable MemTable: 16 entries, 17918 approx bytes
INFO  2026-09-11 22:05:22,426 [shard 0:main] timestar.native_index - SSTable write starting for file 1
INFO  2026-09-11 22:05:22,429 [shard 0:main] timestar.native_index - SSTable write complete: 16 entries, 411 bytes
INFO  2026-09-11 22:05:22,448 [shard 0:main] timestar.native_index - NativeIndex closed on shard 0
[       OK ] TimeScopedPostingsTest.ImplausibleFutureTimestampDoesNotPoisonTheWatermark (42 ms)
[ RUN      ] TimeScopedPostingsTest.SingleTagQueryOverTheLimitReportsItInsteadOfTruncating
INFO  2026-09-11 22:05:22,463 [shard 0:main] timestar.native_index - NativeIndex opened at: /home/matt/Desktop/source/tsdb/build/allocator-crash-probes/shard_0/native_index (0 SSTables, 2 MemTable entries, 0 local IDs)
INFO  2026-09-11 22:05:22,469 [shard 0:main] timestar.native_index - Flushing immutable MemTable: 59 entries, 22899 approx bytes
INFO  2026-09-11 22:05:22,469 [shard 0:main] timestar.native_index - SSTable write starting for file 1
INFO  2026-09-11 22:05:22,472 [shard 0:main] timestar.native_index - SSTable write complete: 59 entries, 980 bytes
INFO  2026-09-11 22:05:22,491 [shard 0:main] timestar.native_index - NativeIndex closed on shard 0
[       OK ] TimeScopedPostingsTest.SingleTagQueryOverTheLimitReportsItInsteadOfTruncating (43 ms)
[----------] 25 tests from TimeScopedPostingsTest (1603 ms total)

[----------] 9 tests from TimestarConfigValidateTest
[ RUN      ] TimestarConfigValidateTest.TsmBloomFprZeroReturnsError
[       OK ] TimestarConfigValidateTest.TsmBloomFprZeroReturnsError (0 ms)
[ RUN      ] TimestarConfigValidateTest.TsmBloomFprOneReturnsError
[       OK ] TimestarConfigValidateTest.TsmBloomFprOneReturnsError (0 ms)
[ RUN      ] TimestarConfigValidateTest.TsmBloomFprNegativeReturnsError
[       OK ] TimestarConfigValidateTest.TsmBloomFprNegativeReturnsError (0 ms)
[ RUN      ] TimestarConfigValidateTest.TsmBloomFprGreaterThanOneReturnsError
[       OK ] TimestarConfigValidateTest.TsmBloomFprGreaterThanOneReturnsError (0 ms)
[ RUN      ] TimestarConfigValidateTest.TsmBloomFprValidSmallValuePasses
[       OK ] TimestarConfigValidateTest.TsmBloomFprValidSmallValuePasses (0 ms)
[ RUN      ] TimestarConfigValidateTest.TsmBloomFprNearBoundaryLowPasses
[       OK ] TimestarConfigValidateTest.TsmBloomFprNearBoundaryLowPasses (0 ms)
[ RUN      ] TimestarConfigValidateTest.TsmBloomFprNearBoundaryHighPasses
[       OK ] TimestarConfigValidateTest.TsmBloomFprNearBoundaryHighPasses (0 ms)
[ RUN      ] TimestarConfigValidateTest.BloomFilterBitsZeroReturnsError
[       OK ] TimestarConfigValidateTest.BloomFilterBitsZeroReturnsError (0 ms)
[ RUN      ] TimestarConfigValidateTest.BloomFilterBitsOnePasses
[       OK ] TimestarConfigValidateTest.BloomFilterBitsOnePasses (0 ms)
[----------] 9 tests from TimestarConfigValidateTest (0 ms total)

[----------] Global test environment tear-down
[==========] 190 tests from 27 test suites ran. (10193 ms total)
[  PASSED  ] 190 tests.
